id,"person_id","parti_id","materiale",prosentlikhet
1,"ADA","A","643 avstemninger siste der André Oktay Dahl deltok",47.28
2,"ADA","H","643 avstemninger siste der André Oktay Dahl deltok",99.07
3,"ADA","Sp","643 avstemninger siste der André Oktay Dahl deltok",46.35
4,"ADA","SV","643 avstemninger siste der André Oktay Dahl deltok",44.32
5,"ADA","FrP","643 avstemninger siste der André Oktay Dahl deltok",58.79
6,"ADA","V","643 avstemninger siste der André Oktay Dahl deltok",65.32
7,"ADA","KrF","643 avstemninger siste der André Oktay Dahl deltok",69.21
8,"AESO","A","732 avstemninger siste der Arne Sortevik deltok",21.86
9,"AESO","H","732 avstemninger siste der Arne Sortevik deltok",60.38
10,"AESO","Sp","732 avstemninger siste der Arne Sortevik deltok",21.99
11,"AESO","SV","732 avstemninger siste der Arne Sortevik deltok",20.08
12,"AESO","FrP","732 avstemninger siste der Arne Sortevik deltok",99.18
13,"AESO","V","732 avstemninger siste der Arne Sortevik deltok",49.59
14,"AESO","KrF","732 avstemninger siste der Arne Sortevik deltok",44.40
15,"AGES","A","876 avstemninger siste der Åge Starheim deltok",22.83
16,"AGES","H","876 avstemninger siste der Åge Starheim deltok",60.62
17,"AGES","Sp","876 avstemninger siste der Åge Starheim deltok",23.29
18,"AGES","SV","876 avstemninger siste der Åge Starheim deltok",21.69
19,"AGES","FrP","876 avstemninger siste der Åge Starheim deltok",98.86
20,"AGES","V","876 avstemninger siste der Åge Starheim deltok",50.57
21,"AGES","KrF","876 avstemninger siste der Åge Starheim deltok",46.23
22,"AKSH","A","740 avstemninger siste der Aksel Hagen deltok",97.97
23,"AKSH","H","740 avstemninger siste der Aksel Hagen deltok",43.78
24,"AKSH","Sp","740 avstemninger siste der Aksel Hagen deltok",98.38
25,"AKSH","SV","740 avstemninger siste der Aksel Hagen deltok",99.73
26,"AKSH","FrP","740 avstemninger siste der Aksel Hagen deltok",22.43
27,"AKSH","V","740 avstemninger siste der Aksel Hagen deltok",42.03
28,"AKSH","KrF","740 avstemninger siste der Aksel Hagen deltok",51.35
29,"ALEH","A","956 avstemninger siste der Alf Egil Holmelid deltok",98.12
30,"ALEH","H","956 avstemninger siste der Alf Egil Holmelid deltok",42.26
31,"ALEH","Sp","956 avstemninger siste der Alf Egil Holmelid deltok",98.74
32,"ALEH","SV","956 avstemninger siste der Alf Egil Holmelid deltok",100.00
33,"ALEH","FrP","956 avstemninger siste der Alf Egil Holmelid deltok",20.61
34,"ALEH","V","956 avstemninger siste der Alf Egil Holmelid deltok",42.15
35,"ALEH","KrF","956 avstemninger siste der Alf Egil Holmelid deltok",51.57
36,"ALJ","A","657 avstemninger siste der Anna Ljunggren deltok",99.54
37,"ALJ","H","657 avstemninger siste der Anna Ljunggren deltok",43.38
38,"ALJ","Sp","657 avstemninger siste der Anna Ljunggren deltok",99.09
39,"ALJ","SV","657 avstemninger siste der Anna Ljunggren deltok",97.26
40,"ALJ","FrP","657 avstemninger siste der Anna Ljunggren deltok",22.53
41,"ALJ","V","657 avstemninger siste der Anna Ljunggren deltok",40.64
42,"ALJ","KrF","657 avstemninger siste der Anna Ljunggren deltok",52.97
43,"ALYS","A","88 avstemninger siste der Audun Lysbakken deltok",90.91
44,"ALYS","H","88 avstemninger siste der Audun Lysbakken deltok",47.73
45,"ALYS","Sp","88 avstemninger siste der Audun Lysbakken deltok",90.91
46,"ALYS","SV","88 avstemninger siste der Audun Lysbakken deltok",100.00
47,"ALYS","FrP","88 avstemninger siste der Audun Lysbakken deltok",44.32
48,"ALYS","V","88 avstemninger siste der Audun Lysbakken deltok",37.50
49,"ALYS","KrF","88 avstemninger siste der Audun Lysbakken deltok",53.41
50,"ANA","A","612 avstemninger siste der Anders Anundsen deltok",21.41
51,"ANA","H","612 avstemninger siste der Anders Anundsen deltok",60.78
52,"ANA","Sp","612 avstemninger siste der Anders Anundsen deltok",20.92
53,"ANA","SV","612 avstemninger siste der Anders Anundsen deltok",19.28
54,"ANA","FrP","612 avstemninger siste der Anders Anundsen deltok",98.69
55,"ANA","V","612 avstemninger siste der Anders Anundsen deltok",51.63
56,"ANA","KrF","612 avstemninger siste der Anders Anundsen deltok",44.28
57,"ANMB","A","604 avstemninger siste der Anne Marit Bjørnflaten deltok",99.83
58,"ANMB","H","604 avstemninger siste der Anne Marit Bjørnflaten deltok",46.19
59,"ANMB","Sp","604 avstemninger siste der Anne Marit Bjørnflaten deltok",99.50
60,"ANMB","SV","604 avstemninger siste der Anne Marit Bjørnflaten deltok",98.18
61,"ANMB","FrP","604 avstemninger siste der Anne Marit Bjørnflaten deltok",24.83
62,"ANMB","V","604 avstemninger siste der Anne Marit Bjørnflaten deltok",45.36
63,"ANMB","KrF","604 avstemninger siste der Anne Marit Bjørnflaten deltok",54.14
64,"ARK","A","716 avstemninger siste der Arve Kambe deltok",44.13
65,"ARK","H","716 avstemninger siste der Arve Kambe deltok",99.02
66,"ARK","Sp","716 avstemninger siste der Arve Kambe deltok",43.44
67,"ARK","SV","716 avstemninger siste der Arve Kambe deltok",42.32
68,"ARK","FrP","716 avstemninger siste der Arve Kambe deltok",59.50
69,"ARK","V","716 avstemninger siste der Arve Kambe deltok",66.62
70,"ARK","KrF","716 avstemninger siste der Arve Kambe deltok",66.34
71,"ASC","A","519 avstemninger siste der Åse Michaelsen deltok",19.85
72,"ASC","H","519 avstemninger siste der Åse Michaelsen deltok",62.43
73,"ASC","Sp","519 avstemninger siste der Åse Michaelsen deltok",19.46
74,"ASC","SV","519 avstemninger siste der Åse Michaelsen deltok",16.76
75,"ASC","FrP","519 avstemninger siste der Åse Michaelsen deltok",99.81
76,"ASC","V","519 avstemninger siste der Åse Michaelsen deltok",52.02
77,"ASC","KrF","519 avstemninger siste der Åse Michaelsen deltok",43.93
78,"ATR","A","407 avstemninger siste der Anette Trettebergstuen deltok",100.00
79,"ATR","H","407 avstemninger siste der Anette Trettebergstuen deltok",45.45
80,"ATR","Sp","407 avstemninger siste der Anette Trettebergstuen deltok",99.02
81,"ATR","SV","407 avstemninger siste der Anette Trettebergstuen deltok",96.07
82,"ATR","FrP","407 avstemninger siste der Anette Trettebergstuen deltok",23.34
83,"ATR","V","407 avstemninger siste der Anette Trettebergstuen deltok",38.57
84,"ATR","KrF","407 avstemninger siste der Anette Trettebergstuen deltok",53.56
85,"ATW","A","719 avstemninger siste der Anne Tingelstad Wøien deltok",99.03
86,"ATW","H","719 avstemninger siste der Anne Tingelstad Wøien deltok",43.39
87,"ATW","Sp","719 avstemninger siste der Anne Tingelstad Wøien deltok",99.86
88,"ATW","SV","719 avstemninger siste der Anne Tingelstad Wøien deltok",99.03
89,"ATW","FrP","719 avstemninger siste der Anne Tingelstad Wøien deltok",20.72
90,"ATW","V","719 avstemninger siste der Anne Tingelstad Wøien deltok",42.84
91,"ATW","KrF","719 avstemninger siste der Anne Tingelstad Wøien deltok",54.38
92,"AWE","A","594 avstemninger siste der Anders B. Werp deltok",45.96
93,"AWE","H","594 avstemninger siste der Anders B. Werp deltok",99.66
94,"AWE","Sp","594 avstemninger siste der Anders B. Werp deltok",45.45
95,"AWE","SV","594 avstemninger siste der Anders B. Werp deltok",43.10
96,"AWE","FrP","594 avstemninger siste der Anders B. Werp deltok",59.43
97,"AWE","V","594 avstemninger siste der Anders B. Werp deltok",67.34
98,"AWE","KrF","594 avstemninger siste der Anders B. Werp deltok",63.97
99,"BEHA","A","825 avstemninger siste der Bendiks H. Arnesen deltok",99.76
100,"BEHA","H","825 avstemninger siste der Bendiks H. Arnesen deltok",45.33
101,"BEHA","Sp","825 avstemninger siste der Bendiks H. Arnesen deltok",99.52
102,"BEHA","SV","825 avstemninger siste der Bendiks H. Arnesen deltok",98.30
103,"BEHA","FrP","825 avstemninger siste der Bendiks H. Arnesen deltok",23.27
104,"BEHA","V","825 avstemninger siste der Bendiks H. Arnesen deltok",41.33
105,"BEHA","KrF","825 avstemninger siste der Bendiks H. Arnesen deltok",55.15
106,"BENH","A","691 avstemninger siste der Bent Høie deltok",47.03
107,"BENH","H","691 avstemninger siste der Bent Høie deltok",98.99
108,"BENH","Sp","691 avstemninger siste der Bent Høie deltok",46.45
109,"BENH","SV","691 avstemninger siste der Bent Høie deltok",45.01
110,"BENH","FrP","691 avstemninger siste der Bent Høie deltok",59.77
111,"BENH","V","691 avstemninger siste der Bent Høie deltok",65.12
112,"BENH","KrF","691 avstemninger siste der Bent Høie deltok",66.43
113,"BLO","A","697 avstemninger siste der Bjørn Lødemel deltok",41.75
114,"BLO","H","697 avstemninger siste der Bjørn Lødemel deltok",100.00
115,"BLO","Sp","697 avstemninger siste der Bjørn Lødemel deltok",41.32
116,"BLO","SV","697 avstemninger siste der Bjørn Lødemel deltok",40.75
117,"BLO","FrP","697 avstemninger siste der Bjørn Lødemel deltok",61.26
118,"BLO","V","697 avstemninger siste der Bjørn Lødemel deltok",67.86
119,"BLO","KrF","697 avstemninger siste der Bjørn Lødemel deltok",64.99
120,"BT","A","718 avstemninger siste der Borghild Tenden deltok",44.29
121,"BT","H","718 avstemninger siste der Borghild Tenden deltok",68.11
122,"BT","Sp","718 avstemninger siste der Borghild Tenden deltok",44.01
123,"BT","SV","718 avstemninger siste der Borghild Tenden deltok",43.45
124,"BT","FrP","718 avstemninger siste der Borghild Tenden deltok",53.48
125,"BT","V","718 avstemninger siste der Borghild Tenden deltok",100.00
126,"BT","KrF","718 avstemninger siste der Borghild Tenden deltok",65.74
127,"BTH","A","805 avstemninger siste der Bente Thorsen deltok",21.37
128,"BTH","H","805 avstemninger siste der Bente Thorsen deltok",61.24
129,"BTH","Sp","805 avstemninger siste der Bente Thorsen deltok",21.49
130,"BTH","SV","805 avstemninger siste der Bente Thorsen deltok",20.75
131,"BTH","FrP","805 avstemninger siste der Bente Thorsen deltok",99.50
132,"BTH","V","805 avstemninger siste der Bente Thorsen deltok",51.43
133,"BTH","KrF","805 avstemninger siste der Bente Thorsen deltok",45.22
134,"BÅH","A","535 avstemninger siste der Bård Hoksrud deltok",19.44
135,"BÅH","H","535 avstemninger siste der Bård Hoksrud deltok",59.81
136,"BÅH","Sp","535 avstemninger siste der Bård Hoksrud deltok",19.63
137,"BÅH","SV","535 avstemninger siste der Bård Hoksrud deltok",18.13
138,"BÅH","FrP","535 avstemninger siste der Bård Hoksrud deltok",99.63
139,"BÅH","V","535 avstemninger siste der Bård Hoksrud deltok",52.34
140,"BÅH","KrF","535 avstemninger siste der Bård Hoksrud deltok",45.79
141,"CT","A","500 avstemninger siste der Christian Tybring-Gjedde deltok",24.00
142,"CT","H","500 avstemninger siste der Christian Tybring-Gjedde deltok",58.80
143,"CT","Sp","500 avstemninger siste der Christian Tybring-Gjedde deltok",23.60
144,"CT","SV","500 avstemninger siste der Christian Tybring-Gjedde deltok",22.40
145,"CT","FrP","500 avstemninger siste der Christian Tybring-Gjedde deltok",99.40
146,"CT","V","500 avstemninger siste der Christian Tybring-Gjedde deltok",53.20
147,"CT","KrF","500 avstemninger siste der Christian Tybring-Gjedde deltok",48.40
148,"DE","A","517 avstemninger siste der Dagrun Eriksen deltok",53.00
149,"DE","H","517 avstemninger siste der Dagrun Eriksen deltok",65.76
150,"DE","Sp","517 avstemninger siste der Dagrun Eriksen deltok",52.80
151,"DE","SV","517 avstemninger siste der Dagrun Eriksen deltok",50.48
152,"DE","FrP","517 avstemninger siste der Dagrun Eriksen deltok",46.62
153,"DE","V","517 avstemninger siste der Dagrun Eriksen deltok",65.96
154,"DE","KrF","517 avstemninger siste der Dagrun Eriksen deltok",100.00
155,"DH","A","429 avstemninger siste der Dagfinn Høybråten deltok",49.88
156,"DH","H","429 avstemninger siste der Dagfinn Høybråten deltok",67.83
157,"DH","Sp","429 avstemninger siste der Dagfinn Høybråten deltok",49.42
158,"DH","SV","429 avstemninger siste der Dagfinn Høybråten deltok",48.95
159,"DH","FrP","429 avstemninger siste der Dagfinn Høybråten deltok",49.42
160,"DH","V","429 avstemninger siste der Dagfinn Høybråten deltok",67.83
161,"DH","KrF","429 avstemninger siste der Dagfinn Høybråten deltok",99.30
162,"DOT","A","793 avstemninger siste der Dag Ole Teigen deltok",100.00
163,"DOT","H","793 avstemninger siste der Dag Ole Teigen deltok",45.02
164,"DOT","Sp","793 avstemninger siste der Dag Ole Teigen deltok",99.37
165,"DOT","SV","793 avstemninger siste der Dag Ole Teigen deltok",97.86
166,"DOT","FrP","793 avstemninger siste der Dag Ole Teigen deltok",20.93
167,"DOT","V","793 avstemninger siste der Dag Ole Teigen deltok",41.74
168,"DOT","KrF","793 avstemninger siste der Dag Ole Teigen deltok",56.75
169,"DTA","A","742 avstemninger siste der Dag Terje Andersen deltok",100.00
170,"DTA","H","742 avstemninger siste der Dag Terje Andersen deltok",44.88
171,"DTA","Sp","742 avstemninger siste der Dag Terje Andersen deltok",99.33
172,"DTA","SV","742 avstemninger siste der Dag Terje Andersen deltok",97.71
173,"DTA","FrP","742 avstemninger siste der Dag Terje Andersen deltok",26.28
174,"DTA","V","742 avstemninger siste der Dag Terje Andersen deltok",41.64
175,"DTA","KrF","742 avstemninger siste der Dag Terje Andersen deltok",54.18
176,"EAS","A","816 avstemninger siste der Elisabeth Aspaker deltok",44.98
177,"EAS","H","816 avstemninger siste der Elisabeth Aspaker deltok",98.90
178,"EAS","Sp","816 avstemninger siste der Elisabeth Aspaker deltok",44.24
179,"EAS","SV","816 avstemninger siste der Elisabeth Aspaker deltok",42.77
180,"EAS","FrP","816 avstemninger siste der Elisabeth Aspaker deltok",60.17
181,"EAS","V","816 avstemninger siste der Elisabeth Aspaker deltok",66.79
182,"EAS","KrF","816 avstemninger siste der Elisabeth Aspaker deltok",63.11
183,"EBO","A","722 avstemninger siste der Else-May Botten deltok",99.72
184,"EBO","H","722 avstemninger siste der Else-May Botten deltok",45.01
185,"EBO","Sp","722 avstemninger siste der Else-May Botten deltok",99.03
186,"EBO","SV","722 avstemninger siste der Else-May Botten deltok",97.09
187,"EBO","FrP","722 avstemninger siste der Else-May Botten deltok",24.79
188,"EBO","V","722 avstemninger siste der Else-May Botten deltok",41.69
189,"EBO","KrF","722 avstemninger siste der Else-May Botten deltok",55.40
190,"EIRS","A","604 avstemninger siste der Eirik Sivertsen deltok",100.00
191,"EIRS","H","604 avstemninger siste der Eirik Sivertsen deltok",43.87
192,"EIRS","Sp","604 avstemninger siste der Eirik Sivertsen deltok",100.00
193,"EIRS","SV","604 avstemninger siste der Eirik Sivertsen deltok",99.34
194,"EIRS","FrP","604 avstemninger siste der Eirik Sivertsen deltok",23.68
195,"EIRS","V","604 avstemninger siste der Eirik Sivertsen deltok",44.04
196,"EIRS","KrF","604 avstemninger siste der Eirik Sivertsen deltok",54.97
197,"EKS","A","293 avstemninger siste der Eirin Sund deltok",100.00
198,"EKS","H","293 avstemninger siste der Eirin Sund deltok",47.44
199,"EKS","Sp","293 avstemninger siste der Eirin Sund deltok",98.98
200,"EKS","SV","293 avstemninger siste der Eirin Sund deltok",97.61
201,"EKS","FrP","293 avstemninger siste der Eirin Sund deltok",22.53
202,"EKS","V","293 avstemninger siste der Eirin Sund deltok",40.61
203,"EKS","KrF","293 avstemninger siste der Eirin Sund deltok",55.97
204,"ELN","A","531 avstemninger siste der Elisabeth Røbekk Nørve deltok",46.70
205,"ELN","H","531 avstemninger siste der Elisabeth Røbekk Nørve deltok",98.49
206,"ELN","Sp","531 avstemninger siste der Elisabeth Røbekk Nørve deltok",46.14
207,"ELN","SV","531 avstemninger siste der Elisabeth Røbekk Nørve deltok",45.76
208,"ELN","FrP","531 avstemninger siste der Elisabeth Røbekk Nørve deltok",58.19
209,"ELN","V","531 avstemninger siste der Elisabeth Røbekk Nørve deltok",67.04
210,"ELN","KrF","531 avstemninger siste der Elisabeth Røbekk Nørve deltok",63.65
211,"ES","A","82 avstemninger siste der Erna Solberg deltok",57.32
212,"ES","H","82 avstemninger siste der Erna Solberg deltok",93.90
213,"ES","Sp","82 avstemninger siste der Erna Solberg deltok",53.66
214,"ES","SV","82 avstemninger siste der Erna Solberg deltok",43.90
215,"ES","FrP","82 avstemninger siste der Erna Solberg deltok",71.95
216,"ES","V","82 avstemninger siste der Erna Solberg deltok",60.98
217,"ES","KrF","82 avstemninger siste der Erna Solberg deltok",63.41
218,"EVH","A","264 avstemninger siste der Eva Kristin Hansen deltok",99.62
219,"EVH","H","264 avstemninger siste der Eva Kristin Hansen deltok",48.11
220,"EVH","Sp","264 avstemninger siste der Eva Kristin Hansen deltok",99.62
221,"EVH","SV","264 avstemninger siste der Eva Kristin Hansen deltok",97.35
222,"EVH","FrP","264 avstemninger siste der Eva Kristin Hansen deltok",23.86
223,"EVH","V","264 avstemninger siste der Eva Kristin Hansen deltok",43.18
224,"EVH","KrF","264 avstemninger siste der Eva Kristin Hansen deltok",56.82
225,"FBJ","A","750 avstemninger siste der Frank Bakke-Jensen deltok",44.93
226,"FBJ","H","750 avstemninger siste der Frank Bakke-Jensen deltok",100.00
227,"FBJ","Sp","750 avstemninger siste der Frank Bakke-Jensen deltok",44.40
228,"FBJ","SV","750 avstemninger siste der Frank Bakke-Jensen deltok",42.80
229,"FBJ","FrP","750 avstemninger siste der Frank Bakke-Jensen deltok",61.20
230,"FBJ","V","750 avstemninger siste der Frank Bakke-Jensen deltok",66.27
231,"FBJ","KrF","750 avstemninger siste der Frank Bakke-Jensen deltok",64.00
232,"FR","A","643 avstemninger siste der Freddy de Ruiter deltok",100.00
233,"FR","H","643 avstemninger siste der Freddy de Ruiter deltok",44.32
234,"FR","Sp","643 avstemninger siste der Freddy de Ruiter deltok",99.53
235,"FR","SV","643 avstemninger siste der Freddy de Ruiter deltok",98.60
236,"FR","FrP","643 avstemninger siste der Freddy de Ruiter deltok",23.02
237,"FR","V","643 avstemninger siste der Freddy de Ruiter deltok",42.92
238,"FR","KrF","643 avstemninger siste der Freddy de Ruiter deltok",52.57
239,"GAG","A","594 avstemninger siste der Gunnar Gundersen deltok",45.12
240,"GAG","H","594 avstemninger siste der Gunnar Gundersen deltok",99.33
241,"GAG","Sp","594 avstemninger siste der Gunnar Gundersen deltok",45.12
242,"GAG","SV","594 avstemninger siste der Gunnar Gundersen deltok",43.43
243,"GAG","FrP","594 avstemninger siste der Gunnar Gundersen deltok",59.60
244,"GAG","V","594 avstemninger siste der Gunnar Gundersen deltok",67.17
245,"GAG","KrF","594 avstemninger siste der Gunnar Gundersen deltok",62.96
246,"GEHN","A","899 avstemninger siste der Geir-Ketil Hansen deltok",97.78
247,"GEHN","H","899 avstemninger siste der Geir-Ketil Hansen deltok",41.82
248,"GEHN","Sp","899 avstemninger siste der Geir-Ketil Hansen deltok",98.44
249,"GEHN","SV","899 avstemninger siste der Geir-Ketil Hansen deltok",100.00
250,"GEHN","FrP","899 avstemninger siste der Geir-Ketil Hansen deltok",19.80
251,"GEHN","V","899 avstemninger siste der Geir-Ketil Hansen deltok",40.60
252,"GEHN","KrF","899 avstemninger siste der Geir-Ketil Hansen deltok",51.50
253,"GJB","A","781 avstemninger siste der Geir Jørgen Bekkevold deltok",53.27
254,"GJB","H","781 avstemninger siste der Geir Jørgen Bekkevold deltok",64.79
255,"GJB","Sp","781 avstemninger siste der Geir Jørgen Bekkevold deltok",53.01
256,"GJB","SV","781 avstemninger siste der Geir Jørgen Bekkevold deltok",51.73
257,"GJB","FrP","781 avstemninger siste der Geir Jørgen Bekkevold deltok",44.81
258,"GJB","V","781 avstemninger siste der Geir Jørgen Bekkevold deltok",64.28
259,"GJB","KrF","781 avstemninger siste der Geir Jørgen Bekkevold deltok",99.74
260,"GJH","A","809 avstemninger siste der Gjermund Hagesæter deltok",21.88
261,"GJH","H","809 avstemninger siste der Gjermund Hagesæter deltok",61.56
262,"GJH","Sp","809 avstemninger siste der Gjermund Hagesæter deltok",21.76
263,"GJH","SV","809 avstemninger siste der Gjermund Hagesæter deltok",20.77
264,"GJH","FrP","809 avstemninger siste der Gjermund Hagesæter deltok",99.75
265,"GJH","V","809 avstemninger siste der Gjermund Hagesæter deltok",51.05
266,"GJH","KrF","809 avstemninger siste der Gjermund Hagesæter deltok",45.36
267,"GJK","A","792 avstemninger siste der Gerd Janne Kristoffersen deltok",99.87
268,"GJK","H","792 avstemninger siste der Gerd Janne Kristoffersen deltok",43.18
269,"GJK","Sp","792 avstemninger siste der Gerd Janne Kristoffersen deltok",99.12
270,"GJK","SV","792 avstemninger siste der Gerd Janne Kristoffersen deltok",97.60
271,"GJK","FrP","792 avstemninger siste der Gerd Janne Kristoffersen deltok",22.22
272,"GJK","V","792 avstemninger siste der Gerd Janne Kristoffersen deltok",44.32
273,"GJK","KrF","792 avstemninger siste der Gerd Janne Kristoffersen deltok",54.80
274,"GKG","A","766 avstemninger siste der Gunn Karin Gjul deltok",99.87
275,"GKG","H","766 avstemninger siste der Gunn Karin Gjul deltok",44.52
276,"GKG","Sp","766 avstemninger siste der Gunn Karin Gjul deltok",99.74
277,"GKG","SV","766 avstemninger siste der Gunn Karin Gjul deltok",98.17
278,"GKG","FrP","766 avstemninger siste der Gunn Karin Gjul deltok",22.45
279,"GKG","V","766 avstemninger siste der Gunn Karin Gjul deltok",39.30
280,"GKG","KrF","766 avstemninger siste der Gunn Karin Gjul deltok",54.96
281,"GOK","A","507 avstemninger siste der Gorm Kjernli deltok",100.00
282,"GOK","H","507 avstemninger siste der Gorm Kjernli deltok",42.21
283,"GOK","Sp","507 avstemninger siste der Gorm Kjernli deltok",99.61
284,"GOK","SV","507 avstemninger siste der Gorm Kjernli deltok",99.61
285,"GOK","FrP","507 avstemninger siste der Gorm Kjernli deltok",22.49
286,"GOK","V","507 avstemninger siste der Gorm Kjernli deltok",45.17
287,"GOK","KrF","507 avstemninger siste der Gorm Kjernli deltok",52.27
288,"GUE","A","754 avstemninger siste der Gunvor Eldegard deltok",99.87
289,"GUE","H","754 avstemninger siste der Gunvor Eldegard deltok",46.02
290,"GUE","Sp","754 avstemninger siste der Gunvor Eldegard deltok",99.07
291,"GUE","SV","754 avstemninger siste der Gunvor Eldegard deltok",98.01
292,"GUE","FrP","754 avstemninger siste der Gunvor Eldegard deltok",24.93
293,"GUE","V","754 avstemninger siste der Gunvor Eldegard deltok",42.44
294,"GUE","KrF","754 avstemninger siste der Gunvor Eldegard deltok",55.31
295,"HAFA","A","573 avstemninger siste der Hans Frode Kielland Asmyhr deltok",22.34
296,"HAFA","H","573 avstemninger siste der Hans Frode Kielland Asmyhr deltok",58.99
297,"HAFA","Sp","573 avstemninger siste der Hans Frode Kielland Asmyhr deltok",21.99
298,"HAFA","SV","573 avstemninger siste der Hans Frode Kielland Asmyhr deltok",19.90
299,"HAFA","FrP","573 avstemninger siste der Hans Frode Kielland Asmyhr deltok",99.13
300,"HAFA","V","573 avstemninger siste der Hans Frode Kielland Asmyhr deltok",50.09
301,"HAFA","KrF","573 avstemninger siste der Hans Frode Kielland Asmyhr deltok",45.03
302,"HEW","A","485 avstemninger siste der Henning Warloe deltok",42.89
303,"HEW","H","485 avstemninger siste der Henning Warloe deltok",100.00
304,"HEW","Sp","485 avstemninger siste der Henning Warloe deltok",41.86
305,"HEW","SV","485 avstemninger siste der Henning Warloe deltok",40.62
306,"HEW","FrP","485 avstemninger siste der Henning Warloe deltok",57.73
307,"HEW","V","485 avstemninger siste der Henning Warloe deltok",63.30
308,"HEW","KrF","485 avstemninger siste der Henning Warloe deltok",65.77
309,"HHL","A","772 avstemninger siste der Hallgeir H. Langeland deltok",97.28
310,"HHL","H","772 avstemninger siste der Hallgeir H. Langeland deltok",40.28
311,"HHL","Sp","772 avstemninger siste der Hallgeir H. Langeland deltok",97.80
312,"HHL","SV","772 avstemninger siste der Hallgeir H. Langeland deltok",99.61
313,"HHL","FrP","772 avstemninger siste der Hallgeir H. Langeland deltok",17.23
314,"HHL","V","772 avstemninger siste der Hallgeir H. Langeland deltok",40.80
315,"HHL","KrF","772 avstemninger siste der Hallgeir H. Langeland deltok",51.04
316,"HML","A","407 avstemninger siste der Hilde Magnusson deltok",99.75
317,"HML","H","407 avstemninger siste der Hilde Magnusson deltok",46.19
318,"HML","Sp","407 avstemninger siste der Hilde Magnusson deltok",98.53
319,"HML","SV","407 avstemninger siste der Hilde Magnusson deltok",96.56
320,"HML","FrP","407 avstemninger siste der Hilde Magnusson deltok",25.06
321,"HML","V","407 avstemninger siste der Hilde Magnusson deltok",43.00
322,"HML","KrF","407 avstemninger siste der Hilde Magnusson deltok",55.28
323,"HOSY","A","453 avstemninger siste der Hans Olav Syversen deltok",52.10
324,"HOSY","H","453 avstemninger siste der Hans Olav Syversen deltok",65.12
325,"HOSY","Sp","453 avstemninger siste der Hans Olav Syversen deltok",52.32
326,"HOSY","SV","453 avstemninger siste der Hans Olav Syversen deltok",50.55
327,"HOSY","FrP","453 avstemninger siste der Hans Olav Syversen deltok",49.23
328,"HOSY","V","453 avstemninger siste der Hans Olav Syversen deltok",64.90
329,"HOSY","KrF","453 avstemninger siste der Hans Olav Syversen deltok",99.12
330,"HPED","A","189 avstemninger siste der Helga Pedersen deltok",100.00
331,"HPED","H","189 avstemninger siste der Helga Pedersen deltok",56.61
332,"HPED","Sp","189 avstemninger siste der Helga Pedersen deltok",98.41
333,"HPED","SV","189 avstemninger siste der Helga Pedersen deltok",94.18
334,"HPED","FrP","189 avstemninger siste der Helga Pedersen deltok",35.98
335,"HPED","V","189 avstemninger siste der Helga Pedersen deltok",39.15
336,"HPED","KrF","189 avstemninger siste der Helga Pedersen deltok",60.85
337,"HSK","A","485 avstemninger siste der Henning Skumsvoll deltok",17.11
338,"HSK","H","485 avstemninger siste der Henning Skumsvoll deltok",60.21
339,"HSK","Sp","485 avstemninger siste der Henning Skumsvoll deltok",16.91
340,"HSK","SV","485 avstemninger siste der Henning Skumsvoll deltok",16.49
341,"HSK","FrP","485 avstemninger siste der Henning Skumsvoll deltok",99.79
342,"HSK","V","485 avstemninger siste der Henning Skumsvoll deltok",49.90
343,"HSK","KrF","485 avstemninger siste der Henning Skumsvoll deltok",44.33
344,"HTN","A","386 avstemninger siste der Harald T. Nesvik deltok",22.80
345,"HTN","H","386 avstemninger siste der Harald T. Nesvik deltok",61.14
346,"HTN","Sp","386 avstemninger siste der Harald T. Nesvik deltok",22.80
347,"HTN","SV","386 avstemninger siste der Harald T. Nesvik deltok",22.28
348,"HTN","FrP","386 avstemninger siste der Harald T. Nesvik deltok",99.74
349,"HTN","V","386 avstemninger siste der Harald T. Nesvik deltok",54.40
350,"HTN","KrF","386 avstemninger siste der Harald T. Nesvik deltok",45.08
351,"IAG","A","653 avstemninger siste der Ingebjørg Godskesen deltok",22.51
352,"IAG","H","653 avstemninger siste der Ingebjørg Godskesen deltok",60.18
353,"IAG","Sp","653 avstemninger siste der Ingebjørg Godskesen deltok",22.66
354,"IAG","SV","653 avstemninger siste der Ingebjørg Godskesen deltok",22.05
355,"IAG","FrP","653 avstemninger siste der Ingebjørg Godskesen deltok",98.16
356,"IAG","V","653 avstemninger siste der Ingebjørg Godskesen deltok",51.00
357,"IAG","KrF","653 avstemninger siste der Ingebjørg Godskesen deltok",46.86
358,"IBTH","A","713 avstemninger siste der Ib Thomsen deltok",23.56
359,"IBTH","H","713 avstemninger siste der Ib Thomsen deltok",59.89
360,"IBTH","Sp","713 avstemninger siste der Ib Thomsen deltok",23.28
361,"IBTH","SV","713 avstemninger siste der Ib Thomsen deltok",21.32
362,"IBTH","FrP","713 avstemninger siste der Ib Thomsen deltok",99.30
363,"IBTH","V","713 avstemninger siste der Ib Thomsen deltok",50.07
364,"IBTH","KrF","713 avstemninger siste der Ib Thomsen deltok",45.58
365,"IHE","A","596 avstemninger siste der Ingrid Heggø deltok",99.33
366,"IHE","H","596 avstemninger siste der Ingrid Heggø deltok",45.13
367,"IHE","Sp","596 avstemninger siste der Ingrid Heggø deltok",98.66
368,"IHE","SV","596 avstemninger siste der Ingrid Heggø deltok",97.99
369,"IHE","FrP","596 avstemninger siste der Ingrid Heggø deltok",23.49
370,"IHE","V","596 avstemninger siste der Ingrid Heggø deltok",42.11
371,"IHE","KrF","596 avstemninger siste der Ingrid Heggø deltok",51.51
372,"IJ","A","593 avstemninger siste der Irene Johansen deltok",100.00
373,"IJ","H","593 avstemninger siste der Irene Johansen deltok",44.18
374,"IJ","Sp","593 avstemninger siste der Irene Johansen deltok",99.33
375,"IJ","SV","593 avstemninger siste der Irene Johansen deltok",97.64
376,"IJ","FrP","593 avstemninger siste der Irene Johansen deltok",22.60
377,"IJ","V","593 avstemninger siste der Irene Johansen deltok",43.84
378,"IJ","KrF","593 avstemninger siste der Irene Johansen deltok",54.13
379,"IME","A","679 avstemninger siste der Ine M. Eriksen Søreide deltok",45.51
380,"IME","H","679 avstemninger siste der Ine M. Eriksen Søreide deltok",99.26
381,"IME","Sp","679 avstemninger siste der Ine M. Eriksen Søreide deltok",44.77
382,"IME","SV","679 avstemninger siste der Ine M. Eriksen Søreide deltok",43.59
383,"IME","FrP","679 avstemninger siste der Ine M. Eriksen Søreide deltok",58.47
384,"IME","V","679 avstemninger siste der Ine M. Eriksen Søreide deltok",62.89
385,"IME","KrF","679 avstemninger siste der Ine M. Eriksen Søreide deltok",64.65
386,"IOL","A","669 avstemninger siste der Ingalill Olsen deltok",99.70
387,"IOL","H","669 avstemninger siste der Ingalill Olsen deltok",44.10
388,"IOL","Sp","669 avstemninger siste der Ingalill Olsen deltok",99.25
389,"IOL","SV","669 avstemninger siste der Ingalill Olsen deltok",97.16
390,"IOL","FrP","669 avstemninger siste der Ingalill Olsen deltok",23.62
391,"IOL","V","669 avstemninger siste der Ingalill Olsen deltok",43.95
392,"IOL","KrF","669 avstemninger siste der Ingalill Olsen deltok",54.41
393,"IRLN","A","515 avstemninger siste der Irene Lange Nordahl deltok",99.42
394,"IRLN","H","515 avstemninger siste der Irene Lange Nordahl deltok",43.88
395,"IRLN","Sp","515 avstemninger siste der Irene Lange Nordahl deltok",100.00
396,"IRLN","SV","515 avstemninger siste der Irene Lange Nordahl deltok",98.06
397,"IRLN","FrP","515 avstemninger siste der Irene Lange Nordahl deltok",23.69
398,"IRLN","V","515 avstemninger siste der Irene Lange Nordahl deltok",41.17
399,"IRLN","KrF","515 avstemninger siste der Irene Lange Nordahl deltok",53.01
400,"ISC","A","678 avstemninger siste der Ingjerd Schou deltok",42.63
401,"ISC","H","678 avstemninger siste der Ingjerd Schou deltok",99.41
402,"ISC","Sp","678 avstemninger siste der Ingjerd Schou deltok",41.74
403,"ISC","SV","678 avstemninger siste der Ingjerd Schou deltok",40.27
404,"ISC","FrP","678 avstemninger siste der Ingjerd Schou deltok",61.36
405,"ISC","V","678 avstemninger siste der Ingjerd Schou deltok",68.29
406,"ISC","KrF","678 avstemninger siste der Ingjerd Schou deltok",65.93
407,"IVK","A","602 avstemninger siste der Ivar Kristiansen deltok",46.01
408,"IVK","H","602 avstemninger siste der Ivar Kristiansen deltok",100.00
409,"IVK","Sp","602 avstemninger siste der Ivar Kristiansen deltok",45.18
410,"IVK","SV","602 avstemninger siste der Ivar Kristiansen deltok",42.86
411,"IVK","FrP","602 avstemninger siste der Ivar Kristiansen deltok",59.47
412,"IVK","V","602 avstemninger siste der Ivar Kristiansen deltok",65.45
413,"IVK","KrF","602 avstemninger siste der Ivar Kristiansen deltok",65.45
414,"JAE","A","390 avstemninger siste der Jan Arild Ellingsen deltok",25.13
415,"JAE","H","390 avstemninger siste der Jan Arild Ellingsen deltok",62.56
416,"JAE","Sp","390 avstemninger siste der Jan Arild Ellingsen deltok",24.87
417,"JAE","SV","390 avstemninger siste der Jan Arild Ellingsen deltok",21.28
418,"JAE","FrP","390 avstemninger siste der Jan Arild Ellingsen deltok",99.74
419,"JAE","V","390 avstemninger siste der Jan Arild Ellingsen deltok",49.49
420,"JAE","KrF","390 avstemninger siste der Jan Arild Ellingsen deltok",43.33
421,"JASP","A","612 avstemninger siste der Jorodd Asphjell deltok",99.35
422,"JASP","H","612 avstemninger siste der Jorodd Asphjell deltok",44.28
423,"JASP","Sp","612 avstemninger siste der Jorodd Asphjell deltok",99.35
424,"JASP","SV","612 avstemninger siste der Jorodd Asphjell deltok",97.71
425,"JASP","FrP","612 avstemninger siste der Jorodd Asphjell deltok",24.51
426,"JASP","V","612 avstemninger siste der Jorodd Asphjell deltok",41.34
427,"JASP","KrF","612 avstemninger siste der Jorodd Asphjell deltok",55.23
428,"JBO","A","487 avstemninger siste der Jan Bøhler deltok",100.00
429,"JBO","H","487 avstemninger siste der Jan Bøhler deltok",47.43
430,"JBO","Sp","487 avstemninger siste der Jan Bøhler deltok",99.38
431,"JBO","SV","487 avstemninger siste der Jan Bøhler deltok",96.71
432,"JBO","FrP","487 avstemninger siste der Jan Bøhler deltok",26.28
433,"JBO","V","487 avstemninger siste der Jan Bøhler deltok",42.92
434,"JBO","KrF","487 avstemninger siste der Jan Bøhler deltok",56.88
435,"JF","A","662 avstemninger siste der Jan-Henrik Fredriksen deltok",25.83
436,"JF","H","662 avstemninger siste der Jan-Henrik Fredriksen deltok",58.16
437,"JF","Sp","662 avstemninger siste der Jan-Henrik Fredriksen deltok",25.98
438,"JF","SV","662 avstemninger siste der Jan-Henrik Fredriksen deltok",24.77
439,"JF","FrP","662 avstemninger siste der Jan-Henrik Fredriksen deltok",99.24
440,"JF","V","662 avstemninger siste der Jan-Henrik Fredriksen deltok",47.73
441,"JF","KrF","662 avstemninger siste der Jan-Henrik Fredriksen deltok",43.66
442,"JHR","A","461 avstemninger siste der Jørund Rytman deltok",26.03
443,"JHR","H","461 avstemninger siste der Jørund Rytman deltok",58.13
444,"JHR","Sp","461 avstemninger siste der Jørund Rytman deltok",25.38
445,"JHR","SV","461 avstemninger siste der Jørund Rytman deltok",24.95
446,"JHR","FrP","461 avstemninger siste der Jørund Rytman deltok",99.57
447,"JHR","V","461 avstemninger siste der Jørund Rytman deltok",49.67
448,"JHR","KrF","461 avstemninger siste der Jørund Rytman deltok",44.90
449,"JKL","A","555 avstemninger siste der Jenny Klinge deltok",99.28
450,"JKL","H","555 avstemninger siste der Jenny Klinge deltok",43.60
451,"JKL","Sp","555 avstemninger siste der Jenny Klinge deltok",100.00
452,"JKL","SV","555 avstemninger siste der Jenny Klinge deltok",97.84
453,"JKL","FrP","555 avstemninger siste der Jenny Klinge deltok",21.26
454,"JKL","V","555 avstemninger siste der Jenny Klinge deltok",41.62
455,"JKL","KrF","555 avstemninger siste der Jenny Klinge deltok",54.23
456,"JONG","A","518 avstemninger siste der Jon Jæger Gåsvatn deltok",23.75
457,"JONG","H","518 avstemninger siste der Jon Jæger Gåsvatn deltok",62.93
458,"JONG","Sp","518 avstemninger siste der Jon Jæger Gåsvatn deltok",23.36
459,"JONG","SV","518 avstemninger siste der Jon Jæger Gåsvatn deltok",21.43
460,"JONG","FrP","518 avstemninger siste der Jon Jæger Gåsvatn deltok",99.81
461,"JONG","V","518 avstemninger siste der Jon Jæger Gåsvatn deltok",55.79
462,"JONG","KrF","518 avstemninger siste der Jon Jæger Gåsvatn deltok",47.30
463,"JSN","A","590 avstemninger siste der Janne Sjelmo Nordås deltok",99.49
464,"JSN","H","590 avstemninger siste der Janne Sjelmo Nordås deltok",46.27
465,"JSN","Sp","590 avstemninger siste der Janne Sjelmo Nordås deltok",99.83
466,"JSN","SV","590 avstemninger siste der Janne Sjelmo Nordås deltok",98.47
467,"JSN","FrP","590 avstemninger siste der Janne Sjelmo Nordås deltok",23.05
468,"JSN","V","590 avstemninger siste der Janne Sjelmo Nordås deltok",44.75
469,"JSN","KrF","590 avstemninger siste der Janne Sjelmo Nordås deltok",55.08
470,"JTS","A","500 avstemninger siste der Jan Tore Sanner deltok",43.40
471,"JTS","H","500 avstemninger siste der Jan Tore Sanner deltok",99.20
472,"JTS","Sp","500 avstemninger siste der Jan Tore Sanner deltok",43.40
473,"JTS","SV","500 avstemninger siste der Jan Tore Sanner deltok",42.60
474,"JTS","FrP","500 avstemninger siste der Jan Tore Sanner deltok",57.40
475,"JTS","V","500 avstemninger siste der Jan Tore Sanner deltok",67.60
476,"JTS","KrF","500 avstemninger siste der Jan Tore Sanner deltok",66.80
477,"KARH","A","843 avstemninger siste der Kari Henriksen deltok",99.88
478,"KARH","H","843 avstemninger siste der Kari Henriksen deltok",44.37
479,"KARH","Sp","843 avstemninger siste der Kari Henriksen deltok",99.17
480,"KARH","SV","843 avstemninger siste der Kari Henriksen deltok",98.10
481,"KARH","FrP","843 avstemninger siste der Kari Henriksen deltok",22.78
482,"KARH","V","843 avstemninger siste der Kari Henriksen deltok",40.57
483,"KARH","KrF","843 avstemninger siste der Kari Henriksen deltok",52.79
484,"KES","A","503 avstemninger siste der Kenneth Svendsen deltok",24.85
485,"KES","H","503 avstemninger siste der Kenneth Svendsen deltok",57.26
486,"KES","Sp","503 avstemninger siste der Kenneth Svendsen deltok",24.25
487,"KES","SV","503 avstemninger siste der Kenneth Svendsen deltok",21.47
488,"KES","FrP","503 avstemninger siste der Kenneth Svendsen deltok",99.80
489,"KES","V","503 avstemninger siste der Kenneth Svendsen deltok",50.89
490,"KES","KrF","503 avstemninger siste der Kenneth Svendsen deltok",46.72
491,"KETS","A","492 avstemninger siste der Ketil Solvik-Olsen deltok",28.25
492,"KETS","H","492 avstemninger siste der Ketil Solvik-Olsen deltok",57.11
493,"KETS","Sp","492 avstemninger siste der Ketil Solvik-Olsen deltok",28.05
494,"KETS","SV","492 avstemninger siste der Ketil Solvik-Olsen deltok",27.24
495,"KETS","FrP","492 avstemninger siste der Ketil Solvik-Olsen deltok",98.98
496,"KETS","V","492 avstemninger siste der Ketil Solvik-Olsen deltok",46.54
497,"KETS","KrF","492 avstemninger siste der Ketil Solvik-Olsen deltok",41.46
498,"KJR","A","754 avstemninger siste der Kjell Ingolf Ropstad deltok",53.71
499,"KJR","H","754 avstemninger siste der Kjell Ingolf Ropstad deltok",67.24
500,"KJR","Sp","754 avstemninger siste der Kjell Ingolf Ropstad deltok",53.45
501,"KJR","SV","754 avstemninger siste der Kjell Ingolf Ropstad deltok",51.59
502,"KJR","FrP","754 avstemninger siste der Kjell Ingolf Ropstad deltok",47.35
503,"KJR","V","754 avstemninger siste der Kjell Ingolf Ropstad deltok",64.06
504,"KJR","KrF","754 avstemninger siste der Kjell Ingolf Ropstad deltok",99.73
505,"KJT","A","612 avstemninger siste der Kjersti Toppe deltok",98.69
506,"KJT","H","612 avstemninger siste der Kjersti Toppe deltok",44.77
507,"KJT","Sp","612 avstemninger siste der Kjersti Toppe deltok",99.67
508,"KJT","SV","612 avstemninger siste der Kjersti Toppe deltok",97.39
509,"KJT","FrP","612 avstemninger siste der Kjersti Toppe deltok",23.37
510,"KJT","V","612 avstemninger siste der Kjersti Toppe deltok",41.50
511,"KJT","KrF","612 avstemninger siste der Kjersti Toppe deltok",53.43
512,"KKK","A","648 avstemninger siste der Kari Kjønaas Kjos deltok",20.99
513,"KKK","H","648 avstemninger siste der Kari Kjønaas Kjos deltok",63.89
514,"KKK","Sp","648 avstemninger siste der Kari Kjønaas Kjos deltok",20.37
515,"KKK","SV","648 avstemninger siste der Kari Kjønaas Kjos deltok",19.14
516,"KKK","FrP","648 avstemninger siste der Kari Kjønaas Kjos deltok",100.00
517,"KKK","V","648 avstemninger siste der Kari Kjønaas Kjos deltok",53.86
518,"KKK","KrF","648 avstemninger siste der Kari Kjønaas Kjos deltok",46.76
519,"KNAH","A","368 avstemninger siste der Knut Arild Hareide deltok",56.79
520,"KNAH","H","368 avstemninger siste der Knut Arild Hareide deltok",62.77
521,"KNAH","Sp","368 avstemninger siste der Knut Arild Hareide deltok",57.07
522,"KNAH","SV","368 avstemninger siste der Knut Arild Hareide deltok",56.52
523,"KNAH","FrP","368 avstemninger siste der Knut Arild Hareide deltok",39.67
524,"KNAH","V","368 avstemninger siste der Knut Arild Hareide deltok",63.04
525,"KNAH","KrF","368 avstemninger siste der Knut Arild Hareide deltok",99.73
526,"KNUS","A","578 avstemninger siste der Knut Storberget deltok",100.00
527,"KNUS","H","578 avstemninger siste der Knut Storberget deltok",42.39
528,"KNUS","Sp","578 avstemninger siste der Knut Storberget deltok",99.13
529,"KNUS","SV","578 avstemninger siste der Knut Storberget deltok",98.44
530,"KNUS","FrP","578 avstemninger siste der Knut Storberget deltok",20.59
531,"KNUS","V","578 avstemninger siste der Knut Storberget deltok",43.94
532,"KNUS","KrF","578 avstemninger siste der Knut Storberget deltok",52.08
533,"KSIM","A","849 avstemninger siste der Kåre Simensen deltok",99.88
534,"KSIM","H","849 avstemninger siste der Kåre Simensen deltok",44.41
535,"KSIM","Sp","849 avstemninger siste der Kåre Simensen deltok",99.88
536,"KSIM","SV","849 avstemninger siste der Kåre Simensen deltok",98.23
537,"KSIM","FrP","849 avstemninger siste der Kåre Simensen deltok",21.55
538,"KSIM","V","849 avstemninger siste der Kåre Simensen deltok",39.93
539,"KSIM","KrF","849 avstemninger siste der Kåre Simensen deltok",54.77
540,"KSW","A","394 avstemninger siste der Karin S. Woldseth deltok",19.54
541,"KSW","H","394 avstemninger siste der Karin S. Woldseth deltok",62.94
542,"KSW","Sp","394 avstemninger siste der Karin S. Woldseth deltok",19.29
543,"KSW","SV","394 avstemninger siste der Karin S. Woldseth deltok",18.27
544,"KSW","FrP","394 avstemninger siste der Karin S. Woldseth deltok",99.49
545,"KSW","V","394 avstemninger siste der Karin S. Woldseth deltok",54.06
546,"KSW","KrF","394 avstemninger siste der Karin S. Woldseth deltok",45.43
547,"KAAN","A","659 avstemninger siste der Karin Andersen deltok",98.03
548,"KAAN","H","659 avstemninger siste der Karin Andersen deltok",41.12
549,"KAAN","Sp","659 avstemninger siste der Karin Andersen deltok",98.48
550,"KAAN","SV","659 avstemninger siste der Karin Andersen deltok",99.70
551,"KAAN","FrP","659 avstemninger siste der Karin Andersen deltok",19.58
552,"KAAN","V","659 avstemninger siste der Karin Andersen deltok",42.03
553,"KAAN","KrF","659 avstemninger siste der Karin Andersen deltok",50.08
554,"LAG","A","222 avstemninger siste der Laila Gustavsen deltok",100.00
555,"LAG","H","222 avstemninger siste der Laila Gustavsen deltok",45.50
556,"LAG","Sp","222 avstemninger siste der Laila Gustavsen deltok",97.75
557,"LAG","SV","222 avstemninger siste der Laila Gustavsen deltok",97.75
558,"LAG","FrP","222 avstemninger siste der Laila Gustavsen deltok",18.02
559,"LAG","V","222 avstemninger siste der Laila Gustavsen deltok",55.41
560,"LAG","KrF","222 avstemninger siste der Laila Gustavsen deltok",54.50
561,"LAPB","A","133 avstemninger siste der Lars Peder Brekk deltok",100.00
562,"LAPB","H","133 avstemninger siste der Lars Peder Brekk deltok",44.36
563,"LAPB","Sp","133 avstemninger siste der Lars Peder Brekk deltok",100.00
564,"LAPB","SV","133 avstemninger siste der Lars Peder Brekk deltok",100.00
565,"LAPB","FrP","133 avstemninger siste der Lars Peder Brekk deltok",30.83
566,"LAPB","V","133 avstemninger siste der Lars Peder Brekk deltok",40.60
567,"LAPB","KrF","133 avstemninger siste der Lars Peder Brekk deltok",52.63
568,"LCH","A","479 avstemninger siste der Linda C. Hofstad Helleland deltok",45.51
569,"LCH","H","479 avstemninger siste der Linda C. Hofstad Helleland deltok",94.78
570,"LCH","Sp","479 avstemninger siste der Linda C. Hofstad Helleland deltok",44.68
571,"LCH","SV","479 avstemninger siste der Linda C. Hofstad Helleland deltok",42.17
572,"LCH","FrP","479 avstemninger siste der Linda C. Hofstad Helleland deltok",62.63
573,"LCH","V","479 avstemninger siste der Linda C. Hofstad Helleland deltok",59.29
574,"LCH","KrF","479 avstemninger siste der Linda C. Hofstad Helleland deltok",60.96
575,"LD","A","707 avstemninger siste der Laila Dåvøy deltok",54.17
576,"LD","H","707 avstemninger siste der Laila Dåvøy deltok",65.77
577,"LD","Sp","707 avstemninger siste der Laila Dåvøy deltok",53.89
578,"LD","SV","707 avstemninger siste der Laila Dåvøy deltok",51.91
579,"LD","FrP","707 avstemninger siste der Laila Dåvøy deltok",46.53
580,"LD","V","707 avstemninger siste der Laila Dåvøy deltok",65.91
581,"LD","KrF","707 avstemninger siste der Laila Dåvøy deltok",99.29
582,"LHH","A","511 avstemninger siste der Line Henriette Hjemdal deltok",55.58
583,"LHH","H","511 avstemninger siste der Line Henriette Hjemdal deltok",64.77
584,"LHH","Sp","511 avstemninger siste der Line Henriette Hjemdal deltok",55.77
585,"LHH","SV","511 avstemninger siste der Line Henriette Hjemdal deltok",53.82
586,"LHH","FrP","511 avstemninger siste der Line Henriette Hjemdal deltok",46.77
587,"LHH","V","511 avstemninger siste der Line Henriette Hjemdal deltok",64.19
588,"LHH","KrF","511 avstemninger siste der Line Henriette Hjemdal deltok",99.22
589,"LIC","A","836 avstemninger siste der Lise Christoffersen deltok",99.88
590,"LIC","H","836 avstemninger siste der Lise Christoffersen deltok",44.98
591,"LIC","Sp","836 avstemninger siste der Lise Christoffersen deltok",99.40
592,"LIC","SV","836 avstemninger siste der Lise Christoffersen deltok",97.97
593,"LIC","FrP","836 avstemninger siste der Lise Christoffersen deltok",23.21
594,"LIC","V","836 avstemninger siste der Lise Christoffersen deltok",43.18
595,"LIC","KrF","836 avstemninger siste der Lise Christoffersen deltok",55.86
596,"LILH","A","681 avstemninger siste der Lillian Hansen deltok",99.56
597,"LILH","H","681 avstemninger siste der Lillian Hansen deltok",45.81
598,"LILH","Sp","681 avstemninger siste der Lillian Hansen deltok",99.56
599,"LILH","SV","681 avstemninger siste der Lillian Hansen deltok",97.50
600,"LILH","FrP","681 avstemninger siste der Lillian Hansen deltok",23.49
601,"LILH","V","681 avstemninger siste der Lillian Hansen deltok",42.88
602,"LILH","KrF","681 avstemninger siste der Lillian Hansen deltok",54.92
603,"LMY","A","679 avstemninger siste der Lars Myraune deltok",43.89
604,"LMY","H","679 avstemninger siste der Lars Myraune deltok",97.94
605,"LMY","Sp","679 avstemninger siste der Lars Myraune deltok",43.15
606,"LMY","SV","679 avstemninger siste der Lars Myraune deltok",41.38
607,"LMY","FrP","679 avstemninger siste der Lars Myraune deltok",63.33
608,"LMY","V","679 avstemninger siste der Lars Myraune deltok",65.68
609,"LMY","KrF","679 avstemninger siste der Lars Myraune deltok",64.21
610,"LRE","A","697 avstemninger siste der Laila Marie Reiertsen deltok",23.10
611,"LRE","H","697 avstemninger siste der Laila Marie Reiertsen deltok",60.40
612,"LRE","Sp","697 avstemninger siste der Laila Marie Reiertsen deltok",22.96
613,"LRE","SV","697 avstemninger siste der Laila Marie Reiertsen deltok",20.95
614,"LRE","FrP","697 avstemninger siste der Laila Marie Reiertsen deltok",99.57
615,"LRE","V","697 avstemninger siste der Laila Marie Reiertsen deltok",52.22
616,"LRE","KrF","697 avstemninger siste der Laila Marie Reiertsen deltok",46.77
617,"MAGR","A","631 avstemninger siste der Magne Rommetveit deltok",99.37
618,"MAGR","H","631 avstemninger siste der Magne Rommetveit deltok",45.32
619,"MAGR","Sp","631 avstemninger siste der Magne Rommetveit deltok",98.73
620,"MAGR","SV","631 avstemninger siste der Magne Rommetveit deltok",97.31
621,"MAGR","FrP","631 avstemninger siste der Magne Rommetveit deltok",21.39
622,"MAGR","V","631 avstemninger siste der Magne Rommetveit deltok",42.63
623,"MAGR","KrF","631 avstemninger siste der Magne Rommetveit deltok",51.82
624,"MAKO","A","272 avstemninger siste der Martin Kolberg deltok",100.00
625,"MAKO","H","272 avstemninger siste der Martin Kolberg deltok",50.00
626,"MAKO","Sp","272 avstemninger siste der Martin Kolberg deltok",98.53
627,"MAKO","SV","272 avstemninger siste der Martin Kolberg deltok",95.59
628,"MAKO","FrP","272 avstemninger siste der Martin Kolberg deltok",30.15
629,"MAKO","V","272 avstemninger siste der Martin Kolberg deltok",43.01
630,"MAKO","KrF","272 avstemninger siste der Martin Kolberg deltok",56.99
631,"MAM","A","656 avstemninger siste der Marianne Marthinsen deltok",98.78
632,"MAM","H","656 avstemninger siste der Marianne Marthinsen deltok",43.75
633,"MAM","Sp","656 avstemninger siste der Marianne Marthinsen deltok",98.32
634,"MAM","SV","656 avstemninger siste der Marianne Marthinsen deltok",97.10
635,"MAM","FrP","656 avstemninger siste der Marianne Marthinsen deltok",23.93
636,"MAM","V","656 avstemninger siste der Marianne Marthinsen deltok",46.34
637,"MAM","KrF","656 avstemninger siste der Marianne Marthinsen deltok",55.49
638,"METH","A","809 avstemninger siste der Mette Hanekamhaug deltok",25.34
639,"METH","H","809 avstemninger siste der Mette Hanekamhaug deltok",60.94
640,"METH","Sp","809 avstemninger siste der Mette Hanekamhaug deltok",25.09
641,"METH","SV","809 avstemninger siste der Mette Hanekamhaug deltok",23.73
642,"METH","FrP","809 avstemninger siste der Mette Hanekamhaug deltok",99.63
643,"METH","V","809 avstemninger siste der Mette Hanekamhaug deltok",49.44
644,"METH","KrF","809 avstemninger siste der Mette Hanekamhaug deltok",47.71
645,"MIT","A","860 avstemninger siste der Michael Tetzschner deltok",42.91
646,"MIT","H","860 avstemninger siste der Michael Tetzschner deltok",98.95
647,"MIT","Sp","860 avstemninger siste der Michael Tetzschner deltok",42.79
648,"MIT","SV","860 avstemninger siste der Michael Tetzschner deltok",41.16
649,"MIT","FrP","860 avstemninger siste der Michael Tetzschner deltok",61.16
650,"MIT","V","860 avstemninger siste der Michael Tetzschner deltok",66.16
651,"MIT","KrF","860 avstemninger siste der Michael Tetzschner deltok",63.49
652,"MMK","A","240 avstemninger siste der Magnhild Meltveit Kleppa deltok",99.58
653,"MMK","H","240 avstemninger siste der Magnhild Meltveit Kleppa deltok",39.58
654,"MMK","Sp","240 avstemninger siste der Magnhild Meltveit Kleppa deltok",99.58
655,"MMK","SV","240 avstemninger siste der Magnhild Meltveit Kleppa deltok",99.58
656,"MMK","FrP","240 avstemninger siste der Magnhild Meltveit Kleppa deltok",20.42
657,"MMK","V","240 avstemninger siste der Magnhild Meltveit Kleppa deltok",45.42
658,"MMK","KrF","240 avstemninger siste der Magnhild Meltveit Kleppa deltok",51.67
659,"MN","A","594 avstemninger siste der Marit Nybakk deltok",98.82
660,"MN","H","594 avstemninger siste der Marit Nybakk deltok",48.15
661,"MN","Sp","594 avstemninger siste der Marit Nybakk deltok",98.15
662,"MN","SV","594 avstemninger siste der Marit Nybakk deltok",96.46
663,"MN","FrP","594 avstemninger siste der Marit Nybakk deltok",23.91
664,"MN","V","594 avstemninger siste der Marit Nybakk deltok",42.26
665,"MN","KrF","594 avstemninger siste der Marit Nybakk deltok",56.23
666,"MOJ","A","750 avstemninger siste der Morten Ørsal Johansen deltok",24.13
667,"MOJ","H","750 avstemninger siste der Morten Ørsal Johansen deltok",58.40
668,"MOJ","Sp","750 avstemninger siste der Morten Ørsal Johansen deltok",24.13
669,"MOJ","SV","750 avstemninger siste der Morten Ørsal Johansen deltok",22.27
670,"MOJ","FrP","750 avstemninger siste der Morten Ørsal Johansen deltok",99.20
671,"MOJ","V","750 avstemninger siste der Morten Ørsal Johansen deltok",51.20
672,"MOJ","KrF","750 avstemninger siste der Morten Ørsal Johansen deltok",42.67
673,"MORH","A","255 avstemninger siste der Morten Høglund deltok",21.57
674,"MORH","H","255 avstemninger siste der Morten Høglund deltok",58.82
675,"MORH","Sp","255 avstemninger siste der Morten Høglund deltok",20.39
676,"MORH","SV","255 avstemninger siste der Morten Høglund deltok",20.39
677,"MORH","FrP","255 avstemninger siste der Morten Høglund deltok",100.00
678,"MORH","V","255 avstemninger siste der Morten Høglund deltok",51.76
679,"MORH","KrF","255 avstemninger siste der Morten Høglund deltok",38.04
680,"MAAA","A","639 avstemninger siste der Marianne Aasen deltok",99.69
681,"MAAA","H","639 avstemninger siste der Marianne Aasen deltok",43.66
682,"MAAA","Sp","639 avstemninger siste der Marianne Aasen deltok",98.90
683,"MAAA","SV","639 avstemninger siste der Marianne Aasen deltok",97.65
684,"MAAA","FrP","639 avstemninger siste der Marianne Aasen deltok",22.38
685,"MAAA","V","639 avstemninger siste der Marianne Aasen deltok",44.44
686,"MAAA","KrF","639 avstemninger siste der Marianne Aasen deltok",53.21
687,"NA","A","442 avstemninger siste der Nikolai Astrup deltok",45.70
688,"NA","H","442 avstemninger siste der Nikolai Astrup deltok",99.55
689,"NA","Sp","442 avstemninger siste der Nikolai Astrup deltok",44.80
690,"NA","SV","442 avstemninger siste der Nikolai Astrup deltok",42.99
691,"NA","FrP","442 avstemninger siste der Nikolai Astrup deltok",61.54
692,"NA","V","442 avstemninger siste der Nikolai Astrup deltok",64.03
693,"NA","KrF","442 avstemninger siste der Nikolai Astrup deltok",64.93
694,"OG","A","663 avstemninger siste der Oskar J. Grimstad deltok",25.19
695,"OG","H","663 avstemninger siste der Oskar J. Grimstad deltok",60.48
696,"OG","Sp","663 avstemninger siste der Oskar J. Grimstad deltok",25.04
697,"OG","SV","663 avstemninger siste der Oskar J. Grimstad deltok",23.83
698,"OG","FrP","663 avstemninger siste der Oskar J. Grimstad deltok",98.49
699,"OG","V","663 avstemninger siste der Oskar J. Grimstad deltok",50.08
700,"OG","KrF","663 avstemninger siste der Oskar J. Grimstad deltok",46.15
701,"OLET","A","777 avstemninger siste der Olemic Thommessen deltok",46.07
702,"OLET","H","777 avstemninger siste der Olemic Thommessen deltok",99.87
703,"OLET","Sp","777 avstemninger siste der Olemic Thommessen deltok",45.56
704,"OLET","SV","777 avstemninger siste der Olemic Thommessen deltok",43.76
705,"OLET","FrP","777 avstemninger siste der Olemic Thommessen deltok",59.20
706,"OLET","V","777 avstemninger siste der Olemic Thommessen deltok",65.77
707,"OLET","KrF","777 avstemninger siste der Olemic Thommessen deltok",67.18
708,"OVA","A","444 avstemninger siste der Øyvind Vaksdal deltok",25.23
709,"OVA","H","444 avstemninger siste der Øyvind Vaksdal deltok",58.33
710,"OVA","Sp","444 avstemninger siste der Øyvind Vaksdal deltok",25.00
711,"OVA","SV","444 avstemninger siste der Øyvind Vaksdal deltok",23.20
712,"OVA","FrP","444 avstemninger siste der Øyvind Vaksdal deltok",99.77
713,"OVA","V","444 avstemninger siste der Øyvind Vaksdal deltok",55.86
714,"OVA","KrF","444 avstemninger siste der Øyvind Vaksdal deltok",48.20
715,"OYK","A","588 avstemninger siste der Øyvind Korsberg deltok",26.02
716,"OYK","H","588 avstemninger siste der Øyvind Korsberg deltok",61.90
717,"OYK","Sp","588 avstemninger siste der Øyvind Korsberg deltok",25.51
718,"OYK","SV","588 avstemninger siste der Øyvind Korsberg deltok",23.13
719,"OYK","FrP","588 avstemninger siste der Øyvind Korsberg deltok",99.66
720,"OYK","V","588 avstemninger siste der Øyvind Korsberg deltok",52.55
721,"OYK","KrF","588 avstemninger siste der Øyvind Korsberg deltok",48.64
722,"PB","A","679 avstemninger siste der Per Roar Bredvold deltok",22.24
723,"PB","H","679 avstemninger siste der Per Roar Bredvold deltok",59.94
724,"PB","Sp","679 avstemninger siste der Per Roar Bredvold deltok",22.24
725,"PB","SV","679 avstemninger siste der Per Roar Bredvold deltok",21.06
726,"PB","FrP","679 avstemninger siste der Per Roar Bredvold deltok",99.41
727,"PB","V","679 avstemninger siste der Per Roar Bredvold deltok",52.87
728,"PB","KrF","679 avstemninger siste der Per Roar Bredvold deltok",47.13
729,"PEG","A","513 avstemninger siste der Peter Skovholt Gitmark deltok",44.83
730,"PEG","H","513 avstemninger siste der Peter Skovholt Gitmark deltok",99.81
731,"PEG","Sp","513 avstemninger siste der Peter Skovholt Gitmark deltok",43.66
732,"PEG","SV","513 avstemninger siste der Peter Skovholt Gitmark deltok",41.72
733,"PEG","FrP","513 avstemninger siste der Peter Skovholt Gitmark deltok",61.60
734,"PEG","V","513 avstemninger siste der Peter Skovholt Gitmark deltok",61.99
735,"PEG","KrF","513 avstemninger siste der Peter Skovholt Gitmark deltok",67.06
736,"PEMY","A","499 avstemninger siste der Peter N. Myhre deltok",21.24
737,"PEMY","H","499 avstemninger siste der Peter N. Myhre deltok",60.12
738,"PEMY","Sp","499 avstemninger siste der Peter N. Myhre deltok",20.64
739,"PEMY","SV","499 avstemninger siste der Peter N. Myhre deltok",19.44
740,"PEMY","FrP","499 avstemninger siste der Peter N. Myhre deltok",99.40
741,"PEMY","V","499 avstemninger siste der Peter N. Myhre deltok",49.70
742,"PEMY","KrF","499 avstemninger siste der Peter N. Myhre deltok",46.49
743,"PES","A","123 avstemninger siste der Per Sandberg deltok",26.83
744,"PES","H","123 avstemninger siste der Per Sandberg deltok",61.79
745,"PES","Sp","123 avstemninger siste der Per Sandberg deltok",26.02
746,"PES","SV","123 avstemninger siste der Per Sandberg deltok",19.51
747,"PES","FrP","123 avstemninger siste der Per Sandberg deltok",95.93
748,"PES","V","123 avstemninger siste der Per Sandberg deltok",54.47
749,"PES","KrF","123 avstemninger siste der Per Sandberg deltok",48.78
750,"PKF","A","360 avstemninger siste der Per-Kristian Foss deltok",50.83
751,"PKF","H","360 avstemninger siste der Per-Kristian Foss deltok",96.39
752,"PKF","Sp","360 avstemninger siste der Per-Kristian Foss deltok",50.00
753,"PKF","SV","360 avstemninger siste der Per-Kristian Foss deltok",47.22
754,"PKF","FrP","360 avstemninger siste der Per-Kristian Foss deltok",61.11
755,"PKF","V","360 avstemninger siste der Per-Kristian Foss deltok",65.00
756,"PKF","KrF","360 avstemninger siste der Per-Kristian Foss deltok",58.61
757,"PO","A","400 avstemninger siste der Per Arne Olsen deltok",24.75
758,"PO","H","400 avstemninger siste der Per Arne Olsen deltok",60.25
759,"PO","Sp","400 avstemninger siste der Per Arne Olsen deltok",24.25
760,"PO","SV","400 avstemninger siste der Per Arne Olsen deltok",21.75
761,"PO","FrP","400 avstemninger siste der Per Arne Olsen deltok",99.00
762,"PO","V","400 avstemninger siste der Per Arne Olsen deltok",50.75
763,"PO","KrF","400 avstemninger siste der Per Arne Olsen deltok",48.25
764,"POL","A","746 avstemninger siste der Per Olaf Lundteigen deltok",97.72
765,"POL","H","746 avstemninger siste der Per Olaf Lundteigen deltok",43.16
766,"POL","Sp","746 avstemninger siste der Per Olaf Lundteigen deltok",98.39
767,"POL","SV","746 avstemninger siste der Per Olaf Lundteigen deltok",97.59
768,"POL","FrP","746 avstemninger siste der Per Olaf Lundteigen deltok",24.80
769,"POL","V","746 avstemninger siste der Per Olaf Lundteigen deltok",44.10
770,"POL","KrF","746 avstemninger siste der Per Olaf Lundteigen deltok",52.01
771,"PTA","A","659 avstemninger siste der Per-Willy Amundsen deltok",24.43
772,"PTA","H","659 avstemninger siste der Per-Willy Amundsen deltok",61.31
773,"PTA","Sp","659 avstemninger siste der Per-Willy Amundsen deltok",24.13
774,"PTA","SV","659 avstemninger siste der Per-Willy Amundsen deltok",22.31
775,"PTA","FrP","659 avstemninger siste der Per-Willy Amundsen deltok",98.63
776,"PTA","V","659 avstemninger siste der Per-Willy Amundsen deltok",53.11
777,"PTA","KrF","659 avstemninger siste der Per-Willy Amundsen deltok",48.56
778,"RAE","A","510 avstemninger siste der Rigmor Andersen Eide deltok",53.53
779,"RAE","H","510 avstemninger siste der Rigmor Andersen Eide deltok",63.53
780,"RAE","Sp","510 avstemninger siste der Rigmor Andersen Eide deltok",53.73
781,"RAE","SV","510 avstemninger siste der Rigmor Andersen Eide deltok",52.94
782,"RAE","FrP","510 avstemninger siste der Rigmor Andersen Eide deltok",44.71
783,"RAE","V","510 avstemninger siste der Rigmor Andersen Eide deltok",65.49
784,"RAE","KrF","510 avstemninger siste der Rigmor Andersen Eide deltok",98.63
785,"RE","A","768 avstemninger siste der Robert Eriksson deltok",24.74
786,"RE","H","768 avstemninger siste der Robert Eriksson deltok",58.07
787,"RE","Sp","768 avstemninger siste der Robert Eriksson deltok",25.26
788,"RE","SV","768 avstemninger siste der Robert Eriksson deltok",23.70
789,"RE","FrP","768 avstemninger siste der Robert Eriksson deltok",95.18
790,"RE","V","768 avstemninger siste der Robert Eriksson deltok",49.35
791,"RE","KrF","768 avstemninger siste der Robert Eriksson deltok",44.01
792,"SAF","A","623 avstemninger siste der Svein Flåtten deltok",45.26
793,"SAF","H","623 avstemninger siste der Svein Flåtten deltok",99.84
794,"SAF","Sp","623 avstemninger siste der Svein Flåtten deltok",44.30
795,"SAF","SV","623 avstemninger siste der Svein Flåtten deltok",42.70
796,"SAF","FrP","623 avstemninger siste der Svein Flåtten deltok",61.32
797,"SAF","V","623 avstemninger siste der Svein Flåtten deltok",63.24
798,"SAF","KrF","623 avstemninger siste der Svein Flåtten deltok",66.61
799,"SAG","A","723 avstemninger siste der Svein Gjelseth deltok",99.17
800,"SAG","H","723 avstemninger siste der Svein Gjelseth deltok",42.05
801,"SAG","Sp","723 avstemninger siste der Svein Gjelseth deltok",98.62
802,"SAG","SV","723 avstemninger siste der Svein Gjelseth deltok",97.23
803,"SAG","FrP","723 avstemninger siste der Svein Gjelseth deltok",21.30
804,"SAG","V","723 avstemninger siste der Svein Gjelseth deltok",38.73
805,"SAG","KrF","723 avstemninger siste der Svein Gjelseth deltok",50.76
806,"SHAR","A","794 avstemninger siste der Svein Harberg deltok",43.70
807,"SHAR","H","794 avstemninger siste der Svein Harberg deltok",99.75
808,"SHAR","Sp","794 avstemninger siste der Svein Harberg deltok",42.95
809,"SHAR","SV","794 avstemninger siste der Svein Harberg deltok",41.44
810,"SHAR","FrP","794 avstemninger siste der Svein Harberg deltok",61.59
811,"SHAR","V","794 avstemninger siste der Svein Harberg deltok",64.11
812,"SHAR","KrF","794 avstemninger siste der Svein Harberg deltok",65.49
813,"SHK","A","731 avstemninger siste der Solveig Horne deltok",25.03
814,"SHK","H","731 avstemninger siste der Solveig Horne deltok",60.47
815,"SHK","Sp","731 avstemninger siste der Solveig Horne deltok",24.62
816,"SHK","SV","731 avstemninger siste der Solveig Horne deltok",22.71
817,"SHK","FrP","731 avstemninger siste der Solveig Horne deltok",99.59
818,"SHK","V","731 avstemninger siste der Solveig Horne deltok",50.21
819,"SHK","KrF","731 avstemninger siste der Solveig Horne deltok",46.51
820,"SIVJ","A","41 avstemninger siste der Siv Jensen deltok",46.34
821,"SIVJ","H","41 avstemninger siste der Siv Jensen deltok",73.17
822,"SIVJ","Sp","41 avstemninger siste der Siv Jensen deltok",39.02
823,"SIVJ","SV","41 avstemninger siste der Siv Jensen deltok",34.15
824,"SIVJ","FrP","41 avstemninger siste der Siv Jensen deltok",100.00
825,"SIVJ","V","41 avstemninger siste der Siv Jensen deltok",63.41
826,"SIVJ","KrF","41 avstemninger siste der Siv Jensen deltok",51.22
827,"SME","A","625 avstemninger siste der Siri A. Meling deltok",44.96
828,"SME","H","625 avstemninger siste der Siri A. Meling deltok",99.04
829,"SME","Sp","625 avstemninger siste der Siri A. Meling deltok",44.16
830,"SME","SV","625 avstemninger siste der Siri A. Meling deltok",42.88
831,"SME","FrP","625 avstemninger siste der Siri A. Meling deltok",59.04
832,"SME","V","625 avstemninger siste der Siri A. Meling deltok",67.04
833,"SME","KrF","625 avstemninger siste der Siri A. Meling deltok",66.24
834,"SMY","A","357 avstemninger siste der Sverre Myrli deltok",99.72
835,"SMY","H","357 avstemninger siste der Sverre Myrli deltok",48.46
836,"SMY","Sp","357 avstemninger siste der Sverre Myrli deltok",98.88
837,"SMY","SV","357 avstemninger siste der Sverre Myrli deltok",96.08
838,"SMY","FrP","357 avstemninger siste der Sverre Myrli deltok",27.17
839,"SMY","V","357 avstemninger siste der Sverre Myrli deltok",41.46
840,"SMY","KrF","357 avstemninger siste der Sverre Myrli deltok",56.02
841,"SNV","A","560 avstemninger siste der Snorre Serigstad Valen deltok",97.68
842,"SNV","H","560 avstemninger siste der Snorre Serigstad Valen deltok",41.79
843,"SNV","Sp","560 avstemninger siste der Snorre Serigstad Valen deltok",98.39
844,"SNV","SV","560 avstemninger siste der Snorre Serigstad Valen deltok",99.46
845,"SNV","FrP","560 avstemninger siste der Snorre Serigstad Valen deltok",21.43
846,"SNV","V","560 avstemninger siste der Snorre Serigstad Valen deltok",41.79
847,"SNV","KrF","560 avstemninger siste der Snorre Serigstad Valen deltok",53.75
848,"SOH","A","636 avstemninger siste der Sigvald Oppebøen Hansen deltok",99.69
849,"SOH","H","636 avstemninger siste der Sigvald Oppebøen Hansen deltok",42.77
850,"SOH","Sp","636 avstemninger siste der Sigvald Oppebøen Hansen deltok",99.37
851,"SOH","SV","636 avstemninger siste der Sigvald Oppebøen Hansen deltok",98.11
852,"SOH","FrP","636 avstemninger siste der Sigvald Oppebøen Hansen deltok",18.87
853,"SOH","V","636 avstemninger siste der Sigvald Oppebøen Hansen deltok",40.72
854,"SOH","KrF","636 avstemninger siste der Sigvald Oppebøen Hansen deltok",54.87
855,"SOM","A","687 avstemninger siste der Sonja Mandt deltok",100.00
856,"SOM","H","687 avstemninger siste der Sonja Mandt deltok",44.83
857,"SOM","Sp","687 avstemninger siste der Sonja Mandt deltok",99.42
858,"SOM","SV","687 avstemninger siste der Sonja Mandt deltok",97.67
859,"SOM","FrP","687 avstemninger siste der Sonja Mandt deltok",23.44
860,"SOM","V","687 avstemninger siste der Sonja Mandt deltok",40.61
861,"SOM","KrF","687 avstemninger siste der Sonja Mandt deltok",52.84
862,"SONS","A","806 avstemninger siste der Sonja Irene Sjøli deltok",44.79
863,"SONS","H","806 avstemninger siste der Sonja Irene Sjøli deltok",99.63
864,"SONS","Sp","806 avstemninger siste der Sonja Irene Sjøli deltok",44.04
865,"SONS","SV","806 avstemninger siste der Sonja Irene Sjøli deltok",43.05
866,"SONS","FrP","806 avstemninger siste der Sonja Irene Sjøli deltok",59.68
867,"SONS","V","806 avstemninger siste der Sonja Irene Sjøli deltok",66.13
868,"SONS","KrF","806 avstemninger siste der Sonja Irene Sjøli deltok",65.51
869,"SRH","A","675 avstemninger siste der Svein Roald Hansen deltok",99.70
870,"SRH","H","675 avstemninger siste der Svein Roald Hansen deltok",44.30
871,"SRH","Sp","675 avstemninger siste der Svein Roald Hansen deltok",99.26
872,"SRH","SV","675 avstemninger siste der Svein Roald Hansen deltok",98.07
873,"SRH","FrP","675 avstemninger siste der Svein Roald Hansen deltok",21.63
874,"SRH","V","675 avstemninger siste der Svein Roald Hansen deltok",40.59
875,"SRH","KrF","675 avstemninger siste der Svein Roald Hansen deltok",54.07
876,"STEG","A","641 avstemninger siste der Steinar Gullvåg deltok",99.22
877,"STEG","H","641 avstemninger siste der Steinar Gullvåg deltok",45.24
878,"STEG","Sp","641 avstemninger siste der Steinar Gullvåg deltok",98.91
879,"STEG","SV","641 avstemninger siste der Steinar Gullvåg deltok",97.35
880,"STEG","FrP","641 avstemninger siste der Steinar Gullvåg deltok",21.22
881,"STEG","V","641 avstemninger siste der Steinar Gullvåg deltok",39.16
882,"STEG","KrF","641 avstemninger siste der Steinar Gullvåg deltok",55.38
883,"SUB","A","597 avstemninger siste der Susanne Bratli deltok",99.83
884,"SUB","H","597 avstemninger siste der Susanne Bratli deltok",44.56
885,"SUB","Sp","597 avstemninger siste der Susanne Bratli deltok",98.99
886,"SUB","SV","597 avstemninger siste der Susanne Bratli deltok",96.65
887,"SUB","FrP","597 avstemninger siste der Susanne Bratli deltok",25.46
888,"SUB","V","597 avstemninger siste der Susanne Bratli deltok",41.71
889,"SUB","KrF","597 avstemninger siste der Susanne Bratli deltok",52.26
890,"SYG","A","624 avstemninger siste der Sylvi Graham deltok",42.47
891,"SYG","H","624 avstemninger siste der Sylvi Graham deltok",100.00
892,"SYG","Sp","624 avstemninger siste der Sylvi Graham deltok",41.51
893,"SYG","SV","624 avstemninger siste der Sylvi Graham deltok",40.87
894,"SYG","FrP","624 avstemninger siste der Sylvi Graham deltok",61.22
895,"SYG","V","624 avstemninger siste der Sylvi Graham deltok",65.87
896,"SYG","KrF","624 avstemninger siste der Sylvi Graham deltok",64.74
897,"TALI","A","435 avstemninger siste der Tord Lien deltok",30.57
898,"TALI","H","435 avstemninger siste der Tord Lien deltok",61.84
899,"TALI","Sp","435 avstemninger siste der Tord Lien deltok",30.57
900,"TALI","SV","435 avstemninger siste der Tord Lien deltok",27.82
901,"TALI","FrP","435 avstemninger siste der Tord Lien deltok",99.54
902,"TALI","V","435 avstemninger siste der Tord Lien deltok",51.03
903,"TALI","KrF","435 avstemninger siste der Tord Lien deltok",49.89
904,"TAS","A","778 avstemninger siste der Tor-Arne Strøm deltok",99.49
905,"TAS","H","778 avstemninger siste der Tor-Arne Strøm deltok",44.09
906,"TAS","Sp","778 avstemninger siste der Tor-Arne Strøm deltok",98.97
907,"TAS","SV","778 avstemninger siste der Tor-Arne Strøm deltok",97.17
908,"TAS","FrP","778 avstemninger siste der Tor-Arne Strøm deltok",22.24
909,"TAS","V","778 avstemninger siste der Tor-Arne Strøm deltok",40.75
910,"TAS","KrF","778 avstemninger siste der Tor-Arne Strøm deltok",53.86
911,"TBRE","A","650 avstemninger siste der Tor Bremer deltok",99.85
912,"TBRE","H","650 avstemninger siste der Tor Bremer deltok",46.92
913,"TBRE","Sp","650 avstemninger siste der Tor Bremer deltok",99.23
914,"TBRE","SV","650 avstemninger siste der Tor Bremer deltok",97.08
915,"TBRE","FrP","650 avstemninger siste der Tor Bremer deltok",22.62
916,"TBRE","V","650 avstemninger siste der Tor Bremer deltok",41.23
917,"TBRE","KrF","650 avstemninger siste der Tor Bremer deltok",55.85
918,"TEF","A","866 avstemninger siste der Thor Erik Forsberg deltok",99.77
919,"TEF","H","866 avstemninger siste der Thor Erik Forsberg deltok",43.42
920,"TEF","Sp","866 avstemninger siste der Thor Erik Forsberg deltok",99.31
921,"TEF","SV","866 avstemninger siste der Thor Erik Forsberg deltok",98.15
922,"TEF","FrP","866 avstemninger siste der Thor Erik Forsberg deltok",22.40
923,"TEF","V","866 avstemninger siste der Thor Erik Forsberg deltok",41.57
924,"TEF","KrF","866 avstemninger siste der Thor Erik Forsberg deltok",52.19
925,"TELA","A","477 avstemninger siste der Terje Aasland deltok",100.00
926,"TELA","H","477 avstemninger siste der Terje Aasland deltok",45.91
927,"TELA","Sp","477 avstemninger siste der Terje Aasland deltok",98.95
928,"TELA","SV","477 avstemninger siste der Terje Aasland deltok",96.86
929,"TELA","FrP","477 avstemninger siste der Terje Aasland deltok",20.55
930,"TELA","V","477 avstemninger siste der Terje Aasland deltok",43.19
931,"TELA","KrF","477 avstemninger siste der Terje Aasland deltok",53.25
932,"THB","A","821 avstemninger siste der Thomas Breen deltok",99.63
933,"THB","H","821 avstemninger siste der Thomas Breen deltok",43.48
934,"THB","Sp","821 avstemninger siste der Thomas Breen deltok",99.27
935,"THB","SV","821 avstemninger siste der Thomas Breen deltok",97.81
936,"THB","FrP","821 avstemninger siste der Thomas Breen deltok",24.60
937,"THB","V","821 avstemninger siste der Thomas Breen deltok",42.75
938,"THB","KrF","821 avstemninger siste der Thomas Breen deltok",52.74
939,"TKK","A","725 avstemninger siste der Tove Karoline Knutsen deltok",99.86
940,"TKK","H","725 avstemninger siste der Tove Karoline Knutsen deltok",42.48
941,"TKK","Sp","725 avstemninger siste der Tove Karoline Knutsen deltok",99.72
942,"TKK","SV","725 avstemninger siste der Tove Karoline Knutsen deltok",98.34
943,"TKK","FrP","725 avstemninger siste der Tove Karoline Knutsen deltok",23.59
944,"TKK","V","725 avstemninger siste der Tove Karoline Knutsen deltok",40.41
945,"TKK","KrF","725 avstemninger siste der Tove Karoline Knutsen deltok",52.14
946,"TMI","A","437 avstemninger siste der Torgeir Micaelsen deltok",99.77
947,"TMI","H","437 avstemninger siste der Torgeir Micaelsen deltok",46.22
948,"TMI","Sp","437 avstemninger siste der Torgeir Micaelsen deltok",98.86
949,"TMI","SV","437 avstemninger siste der Torgeir Micaelsen deltok",95.65
950,"TMI","FrP","437 avstemninger siste der Torgeir Micaelsen deltok",27.69
951,"TMI","V","437 avstemninger siste der Torgeir Micaelsen deltok",38.67
952,"TMI","KrF","437 avstemninger siste der Torgeir Micaelsen deltok",57.89
953,"TMS","A","642 avstemninger siste der Tone Merete Sønsterud deltok",99.69
954,"TMS","H","642 avstemninger siste der Tone Merete Sønsterud deltok",44.24
955,"TMS","Sp","642 avstemninger siste der Tone Merete Sønsterud deltok",99.07
956,"TMS","SV","642 avstemninger siste der Tone Merete Sønsterud deltok",97.20
957,"TMS","FrP","642 avstemninger siste der Tone Merete Sønsterud deltok",20.87
958,"TMS","V","642 avstemninger siste der Tone Merete Sønsterud deltok",44.08
959,"TMS","KrF","642 avstemninger siste der Tone Merete Sønsterud deltok",51.25
960,"TO","A","794 avstemninger siste der Torfinn Opheim deltok",100.00
961,"TO","H","794 avstemninger siste der Torfinn Opheim deltok",44.96
962,"TO","Sp","794 avstemninger siste der Torfinn Opheim deltok",99.24
963,"TO","SV","794 avstemninger siste der Torfinn Opheim deltok",98.24
964,"TO","FrP","794 avstemninger siste der Torfinn Opheim deltok",21.79
965,"TO","V","794 avstemninger siste der Torfinn Opheim deltok",42.19
966,"TO","KrF","794 avstemninger siste der Torfinn Opheim deltok",55.67
967,"TOHA","A","617 avstemninger siste der Tore Hagebakken deltok",99.68
968,"TOHA","H","617 avstemninger siste der Tore Hagebakken deltok",47.49
969,"TOHA","Sp","617 avstemninger siste der Tore Hagebakken deltok",99.03
970,"TOHA","SV","617 avstemninger siste der Tore Hagebakken deltok",97.73
971,"TOHA","FrP","617 avstemninger siste der Tore Hagebakken deltok",20.10
972,"TOHA","V","617 avstemninger siste der Tore Hagebakken deltok",43.76
973,"TOHA","KrF","617 avstemninger siste der Tore Hagebakken deltok",57.54
974,"TON","A","712 avstemninger siste der Tore Nordtun deltok",98.88
975,"TON","H","712 avstemninger siste der Tore Nordtun deltok",45.79
976,"TON","Sp","712 avstemninger siste der Tore Nordtun deltok",98.03
977,"TON","SV","712 avstemninger siste der Tore Nordtun deltok",96.21
978,"TON","FrP","712 avstemninger siste der Tore Nordtun deltok",25.00
979,"TON","V","712 avstemninger siste der Tore Nordtun deltok",42.42
980,"TON","KrF","712 avstemninger siste der Tore Nordtun deltok",54.21
981,"TOT","A","466 avstemninger siste der Torgeir Trældal deltok",23.82
982,"TOT","H","466 avstemninger siste der Torgeir Trældal deltok",62.23
983,"TOT","Sp","466 avstemninger siste der Torgeir Trældal deltok",23.39
984,"TOT","SV","466 avstemninger siste der Torgeir Trældal deltok",20.39
985,"TOT","FrP","466 avstemninger siste der Torgeir Trældal deltok",98.93
986,"TOT","V","466 avstemninger siste der Torgeir Trældal deltok",54.08
987,"TOT","KrF","466 avstemninger siste der Torgeir Trældal deltok",47.00
988,"TOVT","A","706 avstemninger siste der Tove-Lise Torve deltok",99.86
989,"TOVT","H","706 avstemninger siste der Tove-Lise Torve deltok",44.76
990,"TOVT","Sp","706 avstemninger siste der Tove-Lise Torve deltok",99.58
991,"TOVT","SV","706 avstemninger siste der Tove-Lise Torve deltok",97.88
992,"TOVT","FrP","706 avstemninger siste der Tove-Lise Torve deltok",24.08
993,"TOVT","V","706 avstemninger siste der Tove-Lise Torve deltok",40.65
994,"TOVT","KrF","706 avstemninger siste der Tove-Lise Torve deltok",53.68
995,"TR","A","664 avstemninger siste der Torstein Rudihagen deltok",99.55
996,"TR","H","664 avstemninger siste der Torstein Rudihagen deltok",43.37
997,"TR","Sp","664 avstemninger siste der Torstein Rudihagen deltok",98.64
998,"TR","SV","664 avstemninger siste der Torstein Rudihagen deltok",98.34
999,"TR","FrP","664 avstemninger siste der Torstein Rudihagen deltok",21.23
1000,"TR","V","664 avstemninger siste der Torstein Rudihagen deltok",43.22
1001,"TR","KrF","664 avstemninger siste der Torstein Rudihagen deltok",53.92
1002,"TRI","A","650 avstemninger siste der Torbjørn Røe Isaksen deltok",45.38
1003,"TRI","H","650 avstemninger siste der Torbjørn Røe Isaksen deltok",97.69
1004,"TRI","Sp","650 avstemninger siste der Torbjørn Røe Isaksen deltok",44.46
1005,"TRI","SV","650 avstemninger siste der Torbjørn Røe Isaksen deltok",42.92
1006,"TRI","FrP","650 avstemninger siste der Torbjørn Røe Isaksen deltok",61.23
1007,"TRI","V","650 avstemninger siste der Torbjørn Røe Isaksen deltok",61.23
1008,"TRI","KrF","650 avstemninger siste der Torbjørn Røe Isaksen deltok",61.69
1009,"TROH","A","577 avstemninger siste der Trond Helleland deltok",43.15
1010,"TROH","H","577 avstemninger siste der Trond Helleland deltok",99.48
1011,"TROH","Sp","577 avstemninger siste der Trond Helleland deltok",42.63
1012,"TROH","SV","577 avstemninger siste der Trond Helleland deltok",41.25
1013,"TROH","FrP","577 avstemninger siste der Trond Helleland deltok",62.39
1014,"TROH","V","577 avstemninger siste der Trond Helleland deltok",65.51
1015,"TROH","KrF","577 avstemninger siste der Trond Helleland deltok",62.39
1016,"TSG","A","258 avstemninger siste der Trine Skei Grande deltok",38.76
1017,"TSG","H","258 avstemninger siste der Trine Skei Grande deltok",67.05
1018,"TSG","Sp","258 avstemninger siste der Trine Skei Grande deltok",38.37
1019,"TSG","SV","258 avstemninger siste der Trine Skei Grande deltok",36.05
1020,"TSG","FrP","258 avstemninger siste der Trine Skei Grande deltok",51.16
1021,"TSG","V","258 avstemninger siste der Trine Skei Grande deltok",100.00
1022,"TSG","KrF","258 avstemninger siste der Trine Skei Grande deltok",72.87
1023,"UEK","A","535 avstemninger siste der Ulf Erik Knudsen deltok",25.05
1024,"UEK","H","535 avstemninger siste der Ulf Erik Knudsen deltok",59.63
1025,"UEK","Sp","535 avstemninger siste der Ulf Erik Knudsen deltok",24.86
1026,"UEK","SV","535 avstemninger siste der Ulf Erik Knudsen deltok",22.99
1027,"UEK","FrP","535 avstemninger siste der Ulf Erik Knudsen deltok",99.44
1028,"UEK","V","535 avstemninger siste der Ulf Erik Knudsen deltok",51.40
1029,"UEK","KrF","535 avstemninger siste der Ulf Erik Knudsen deltok",48.22
1030,"UIL","A","535 avstemninger siste der Ulf Leirstein deltok",16.64
1031,"UIL","H","535 avstemninger siste der Ulf Leirstein deltok",62.43
1032,"UIL","Sp","535 avstemninger siste der Ulf Leirstein deltok",16.26
1033,"UIL","SV","535 avstemninger siste der Ulf Leirstein deltok",15.51
1034,"UIL","FrP","535 avstemninger siste der Ulf Leirstein deltok",99.81
1035,"UIL","V","535 avstemninger siste der Ulf Leirstein deltok",53.46
1036,"UIL","KrF","535 avstemninger siste der Ulf Leirstein deltok",44.86
1037,"VKG","A","705 avstemninger siste der Vigdis Giltun deltok",23.83
1038,"VKG","H","705 avstemninger siste der Vigdis Giltun deltok",60.43
1039,"VKG","Sp","705 avstemninger siste der Vigdis Giltun deltok",23.83
1040,"VKG","SV","705 avstemninger siste der Vigdis Giltun deltok",22.41
1041,"VKG","FrP","705 avstemninger siste der Vigdis Giltun deltok",99.43
1042,"VKG","V","705 avstemninger siste der Vigdis Giltun deltok",53.48
1043,"VKG","KrF","705 avstemninger siste der Vigdis Giltun deltok",45.96
1044,"WO","A","828 avstemninger siste der Wenche Olsen deltok",99.88
1045,"WO","H","828 avstemninger siste der Wenche Olsen deltok",44.32
1046,"WO","Sp","828 avstemninger siste der Wenche Olsen deltok",99.40
1047,"WO","SV","828 avstemninger siste der Wenche Olsen deltok",97.71
1048,"WO","FrP","828 avstemninger siste der Wenche Olsen deltok",24.40
1049,"WO","V","828 avstemninger siste der Wenche Olsen deltok",39.98
1050,"WO","KrF","828 avstemninger siste der Wenche Olsen deltok",52.54
1051,"ØH","A","593 avstemninger siste der Øyvind Håbrekke deltok",54.97
1052,"ØH","H","593 avstemninger siste der Øyvind Håbrekke deltok",63.24
1053,"ØH","Sp","593 avstemninger siste der Øyvind Håbrekke deltok",54.81
1054,"ØH","SV","593 avstemninger siste der Øyvind Håbrekke deltok",52.78
1055,"ØH","FrP","593 avstemninger siste der Øyvind Håbrekke deltok",45.19
1056,"ØH","V","593 avstemninger siste der Øyvind Håbrekke deltok",65.77
1057,"ØH","KrF","593 avstemninger siste der Øyvind Håbrekke deltok",99.66
1058,"ØYVH","A","659 avstemninger siste der Øyvind Halleraker deltok",45.83
1059,"ØYVH","H","659 avstemninger siste der Øyvind Halleraker deltok",99.39
1060,"ØYVH","Sp","659 avstemninger siste der Øyvind Halleraker deltok",45.37
1061,"ØYVH","SV","659 avstemninger siste der Øyvind Halleraker deltok",44.16
1062,"ØYVH","FrP","659 avstemninger siste der Øyvind Halleraker deltok",58.88
1063,"ØYVH","V","659 avstemninger siste der Øyvind Halleraker deltok",67.22
1064,"ØYVH","KrF","659 avstemninger siste der Øyvind Halleraker deltok",65.25
1065,"AAST","A","700 avstemninger siste der Arild Stokkan-Grande deltok",99.29
1066,"AAST","H","700 avstemninger siste der Arild Stokkan-Grande deltok",44.43
1067,"AAST","Sp","700 avstemninger siste der Arild Stokkan-Grande deltok",98.86
1068,"AAST","SV","700 avstemninger siste der Arild Stokkan-Grande deltok",98.00
1069,"AAST","FrP","700 avstemninger siste der Arild Stokkan-Grande deltok",20.86
1070,"AAST","V","700 avstemninger siste der Arild Stokkan-Grande deltok",40.86
1071,"AAST","KrF","700 avstemninger siste der Arild Stokkan-Grande deltok",53.43
1072,"RAA","A","407 avstemninger siste der Rannveig Kvifte Andresen deltok",96.56
1073,"RAA","H","407 avstemninger siste der Rannveig Kvifte Andresen deltok",45.70
1074,"RAA","Sp","407 avstemninger siste der Rannveig Kvifte Andresen deltok",96.81
1075,"RAA","SV","407 avstemninger siste der Rannveig Kvifte Andresen deltok",99.26
1076,"RAA","FrP","407 avstemninger siste der Rannveig Kvifte Andresen deltok",22.60
1077,"RAA","V","407 avstemninger siste der Rannveig Kvifte Andresen deltok",42.75
1078,"RAA","KrF","407 avstemninger siste der Rannveig Kvifte Andresen deltok",52.09
1079,"AREH","A","723 avstemninger siste der Are Helseth deltok",99.59
1080,"AREH","H","723 avstemninger siste der Are Helseth deltok",45.09
1081,"AREH","Sp","723 avstemninger siste der Are Helseth deltok",98.76
1082,"AREH","SV","723 avstemninger siste der Are Helseth deltok",96.82
1083,"AREH","FrP","723 avstemninger siste der Are Helseth deltok",24.76
1084,"AREH","V","723 avstemninger siste der Are Helseth deltok",42.05
1085,"AREH","KrF","723 avstemninger siste der Are Helseth deltok",53.67
1086,"OLOG","A","540 avstemninger siste der Olov Grøtting deltok",99.63
1087,"OLOG","H","540 avstemninger siste der Olov Grøtting deltok",44.44
1088,"OLOG","Sp","540 avstemninger siste der Olov Grøtting deltok",99.81
1089,"OLOG","SV","540 avstemninger siste der Olov Grøtting deltok",98.33
1090,"OLOG","FrP","540 avstemninger siste der Olov Grøtting deltok",22.22
1091,"OLOG","V","540 avstemninger siste der Olov Grøtting deltok",40.37
1092,"OLOG","KrF","540 avstemninger siste der Olov Grøtting deltok",54.26
1093,"TLB","A","740 avstemninger siste der Tove Linnea Brandvik deltok",99.73
1094,"TLB","H","740 avstemninger siste der Tove Linnea Brandvik deltok",45.81
1095,"TLB","Sp","740 avstemninger siste der Tove Linnea Brandvik deltok",98.92
1096,"TLB","SV","740 avstemninger siste der Tove Linnea Brandvik deltok",97.57
1097,"TLB","FrP","740 avstemninger siste der Tove Linnea Brandvik deltok",22.16
1098,"TLB","V","740 avstemninger siste der Tove Linnea Brandvik deltok",43.11
1099,"TLB","KrF","740 avstemninger siste der Tove Linnea Brandvik deltok",54.46
1100,"JFC","A","741 avstemninger siste der Jette F. Christensen deltok",98.11
1101,"JFC","H","741 avstemninger siste der Jette F. Christensen deltok",43.18
1102,"JFC","Sp","741 avstemninger siste der Jette F. Christensen deltok",97.57
1103,"JFC","SV","741 avstemninger siste der Jette F. Christensen deltok",95.68
1104,"JFC","FrP","741 avstemninger siste der Jette F. Christensen deltok",24.97
1105,"JFC","V","741 avstemninger siste der Jette F. Christensen deltok",41.16
1106,"JFC","KrF","741 avstemninger siste der Jette F. Christensen deltok",52.23
1107,"STRH","A","790 avstemninger siste der Stine Renate Håheim deltok",99.87
1108,"STRH","H","790 avstemninger siste der Stine Renate Håheim deltok",45.32
1109,"STRH","Sp","790 avstemninger siste der Stine Renate Håheim deltok",99.37
1110,"STRH","SV","790 avstemninger siste der Stine Renate Håheim deltok",97.85
1111,"STRH","FrP","790 avstemninger siste der Stine Renate Håheim deltok",25.82
1112,"STRH","V","790 avstemninger siste der Stine Renate Håheim deltok",41.90
1113,"STRH","KrF","790 avstemninger siste der Stine Renate Håheim deltok",52.78
1114,"HEIS","A","97 avstemninger siste der Heidi Sørensen deltok",91.75
1115,"HEIS","H","97 avstemninger siste der Heidi Sørensen deltok",52.58
1116,"HEIS","Sp","97 avstemninger siste der Heidi Sørensen deltok",91.75
1117,"HEIS","SV","97 avstemninger siste der Heidi Sørensen deltok",100.00
1118,"HEIS","FrP","97 avstemninger siste der Heidi Sørensen deltok",36.08
1119,"HEIS","V","97 avstemninger siste der Heidi Sørensen deltok",43.30
1120,"HEIS","KrF","97 avstemninger siste der Heidi Sørensen deltok",52.58
1121,"HAKH","A","638 avstemninger siste der Håkon Haugli deltok",100.00
1122,"HAKH","H","638 avstemninger siste der Håkon Haugli deltok",43.42
1123,"HAKH","Sp","638 avstemninger siste der Håkon Haugli deltok",99.22
1124,"HAKH","SV","638 avstemninger siste der Håkon Haugli deltok",97.96
1125,"HAKH","FrP","638 avstemninger siste der Håkon Haugli deltok",21.79
1126,"HAKH","V","638 avstemninger siste der Håkon Haugli deltok",42.32
1127,"HAKH","KrF","638 avstemninger siste der Håkon Haugli deltok",55.80
1128,"TRUW","A","629 avstemninger siste der Truls Wickholm deltok",99.68
1129,"TRUW","H","629 avstemninger siste der Truls Wickholm deltok",45.95
1130,"TRUW","Sp","629 avstemninger siste der Truls Wickholm deltok",99.36
1131,"TRUW","SV","629 avstemninger siste der Truls Wickholm deltok",98.73
1132,"TRUW","FrP","629 avstemninger siste der Truls Wickholm deltok",24.32
1133,"TRUW","V","629 avstemninger siste der Truls Wickholm deltok",38.31
1134,"TRUW","KrF","629 avstemninger siste der Truls Wickholm deltok",51.99
1135,"AC","A","718 avstemninger siste der Akhtar Chaudhry deltok",97.35
1136,"AC","H","718 avstemninger siste der Akhtar Chaudhry deltok",42.90
1137,"AC","Sp","718 avstemninger siste der Akhtar Chaudhry deltok",98.05
1138,"AC","SV","718 avstemninger siste der Akhtar Chaudhry deltok",99.16
1139,"AC","FrP","718 avstemninger siste der Akhtar Chaudhry deltok",23.40
1140,"AC","V","718 avstemninger siste der Akhtar Chaudhry deltok",41.36
1141,"AC","KrF","718 avstemninger siste der Akhtar Chaudhry deltok",51.67
1142,"KY","A","384 avstemninger siste der Karin Yrvin deltok",99.74
1143,"KY","H","384 avstemninger siste der Karin Yrvin deltok",41.93
1144,"KY","Sp","384 avstemninger siste der Karin Yrvin deltok",99.22
1145,"KY","SV","384 avstemninger siste der Karin Yrvin deltok",97.14
1146,"KY","FrP","384 avstemninger siste der Karin Yrvin deltok",20.57
1147,"KY","V","384 avstemninger siste der Karin Yrvin deltok",38.54
1148,"KY","KrF","384 avstemninger siste der Karin Yrvin deltok",51.56
1149,"ESAN","A","575 avstemninger siste der Erling Sande deltok",99.13
1150,"ESAN","H","575 avstemninger siste der Erling Sande deltok",44.70
1151,"ESAN","Sp","575 avstemninger siste der Erling Sande deltok",99.83
1152,"ESAN","SV","575 avstemninger siste der Erling Sande deltok",98.09
1153,"ESAN","FrP","575 avstemninger siste der Erling Sande deltok",24.70
1154,"ESAN","V","575 avstemninger siste der Erling Sande deltok",40.17
1155,"ESAN","KrF","575 avstemninger siste der Erling Sande deltok",56.17
1156,"ARLH","A","734 avstemninger siste der Arne L. Haugen deltok",99.73
1157,"ARLH","H","734 avstemninger siste der Arne L. Haugen deltok",45.78
1158,"ARLH","Sp","734 avstemninger siste der Arne L. Haugen deltok",99.32
1159,"ARLH","SV","734 avstemninger siste der Arne L. Haugen deltok",97.41
1160,"ARLH","FrP","734 avstemninger siste der Arne L. Haugen deltok",23.57
1161,"ARLH","V","734 avstemninger siste der Arne L. Haugen deltok",44.55
1162,"ARLH","KrF","734 avstemninger siste der Arne L. Haugen deltok",54.22
1163,"HEIG","A","943 avstemninger siste der Heidi Greni deltok",99.36
1164,"HEIG","H","943 avstemninger siste der Heidi Greni deltok",44.54
1165,"HEIG","Sp","943 avstemninger siste der Heidi Greni deltok",100.00
1166,"HEIG","SV","943 avstemninger siste der Heidi Greni deltok",98.52
1167,"HEIG","FrP","943 avstemninger siste der Heidi Greni deltok",22.38
1168,"HEIG","V","943 avstemninger siste der Heidi Greni deltok",43.05
1169,"HEIG","KrF","943 avstemninger siste der Heidi Greni deltok",54.51
1170,"LAE","A","464 avstemninger siste der Lars Egeland deltok",99.14
1171,"LAE","H","464 avstemninger siste der Lars Egeland deltok",44.61
1172,"LAE","Sp","464 avstemninger siste der Lars Egeland deltok",99.35
1173,"LAE","SV","464 avstemninger siste der Lars Egeland deltok",99.78
1174,"LAE","FrP","464 avstemninger siste der Lars Egeland deltok",20.26
1175,"LAE","V","464 avstemninger siste der Lars Egeland deltok",39.87
1176,"LAE","KrF","464 avstemninger siste der Lars Egeland deltok",55.17
1177,"MLA","A","111 avstemninger siste der Mari Lund Arnem deltok",98.20
1178,"MLA","H","111 avstemninger siste der Mari Lund Arnem deltok",43.24
1179,"MLA","Sp","111 avstemninger siste der Mari Lund Arnem deltok",98.20
1180,"MLA","SV","111 avstemninger siste der Mari Lund Arnem deltok",98.20
1181,"MLA","FrP","111 avstemninger siste der Mari Lund Arnem deltok",22.52
1182,"MLA","V","111 avstemninger siste der Mari Lund Arnem deltok",51.35
1183,"MLA","KrF","111 avstemninger siste der Mari Lund Arnem deltok",60.36
1184,"TORD","A","17 avstemninger siste der Torgeir Dahl deltok",47.06
1185,"TORD","H","17 avstemninger siste der Torgeir Dahl deltok",100.00
1186,"TORD","Sp","17 avstemninger siste der Torgeir Dahl deltok",29.41
1187,"TORD","SV","17 avstemninger siste der Torgeir Dahl deltok",29.41
1188,"TORD","FrP","17 avstemninger siste der Torgeir Dahl deltok",76.47
1189,"TORD","V","17 avstemninger siste der Torgeir Dahl deltok",70.59
1190,"TORD","KrF","17 avstemninger siste der Torgeir Dahl deltok",58.82
1191,"JGD","A","163 avstemninger siste der Jon Georg Dale deltok",23.31
1192,"JGD","H","163 avstemninger siste der Jon Georg Dale deltok",53.99
1193,"JGD","Sp","163 avstemninger siste der Jon Georg Dale deltok",23.31
1194,"JGD","SV","163 avstemninger siste der Jon Georg Dale deltok",19.63
1195,"JGD","FrP","163 avstemninger siste der Jon Georg Dale deltok",100.00
1196,"JGD","V","163 avstemninger siste der Jon Georg Dale deltok",42.94
1197,"JGD","KrF","163 avstemninger siste der Jon Georg Dale deltok",43.56
1198,"SOE","A","60 avstemninger siste der Sonja Edvardsen deltok",95.00
1199,"SOE","H","60 avstemninger siste der Sonja Edvardsen deltok",33.33
1200,"SOE","Sp","60 avstemninger siste der Sonja Edvardsen deltok",95.00
1201,"SOE","SV","60 avstemninger siste der Sonja Edvardsen deltok",95.00
1202,"SOE","FrP","60 avstemninger siste der Sonja Edvardsen deltok",5.00
1203,"SOE","V","60 avstemninger siste der Sonja Edvardsen deltok",38.33
1204,"SOE","KrF","60 avstemninger siste der Sonja Edvardsen deltok",46.67
1205,"VIF","A","48 avstemninger siste der Viggo Fossum deltok",100.00
1206,"VIF","H","48 avstemninger siste der Viggo Fossum deltok",45.83
1207,"VIF","Sp","48 avstemninger siste der Viggo Fossum deltok",100.00
1208,"VIF","SV","48 avstemninger siste der Viggo Fossum deltok",100.00
1209,"VIF","FrP","48 avstemninger siste der Viggo Fossum deltok",18.75
1210,"VIF","V","48 avstemninger siste der Viggo Fossum deltok",43.75
1211,"VIF","KrF","48 avstemninger siste der Viggo Fossum deltok",64.58
1212,"TERH","A","250 avstemninger siste der Terje Halleland deltok",14.40
1213,"TERH","H","250 avstemninger siste der Terje Halleland deltok",60.40
1214,"TERH","Sp","250 avstemninger siste der Terje Halleland deltok",14.00
1215,"TERH","SV","250 avstemninger siste der Terje Halleland deltok",13.20
1216,"TERH","FrP","250 avstemninger siste der Terje Halleland deltok",100.00
1217,"TERH","V","250 avstemninger siste der Terje Halleland deltok",51.20
1218,"TERH","KrF","250 avstemninger siste der Terje Halleland deltok",46.80
1219,"IDH","A","296 avstemninger siste der Ida Marie Holen deltok",22.30
1220,"IDH","H","296 avstemninger siste der Ida Marie Holen deltok",59.80
1221,"IDH","Sp","296 avstemninger siste der Ida Marie Holen deltok",21.96
1222,"IDH","SV","296 avstemninger siste der Ida Marie Holen deltok",19.93
1223,"IDH","FrP","296 avstemninger siste der Ida Marie Holen deltok",99.32
1224,"IDH","V","296 avstemninger siste der Ida Marie Holen deltok",53.04
1225,"IDH","KrF","296 avstemninger siste der Ida Marie Holen deltok",41.89
1226,"NIMJ","A","426 avstemninger siste der Nina Mjøberg deltok",98.83
1227,"NIMJ","H","426 avstemninger siste der Nina Mjøberg deltok",47.18
1228,"NIMJ","Sp","426 avstemninger siste der Nina Mjøberg deltok",98.59
1229,"NIMJ","SV","426 avstemninger siste der Nina Mjøberg deltok",96.71
1230,"NIMJ","FrP","426 avstemninger siste der Nina Mjøberg deltok",25.12
1231,"NIMJ","V","426 avstemninger siste der Nina Mjøberg deltok",38.50
1232,"NIMJ","KrF","426 avstemninger siste der Nina Mjøberg deltok",54.69
1233,"KNO","A","256 avstemninger siste der Knut Magnus Olsen deltok",99.22
1234,"KNO","H","256 avstemninger siste der Knut Magnus Olsen deltok",42.97
1235,"KNO","Sp","256 avstemninger siste der Knut Magnus Olsen deltok",100.00
1236,"KNO","SV","256 avstemninger siste der Knut Magnus Olsen deltok",98.44
1237,"KNO","FrP","256 avstemninger siste der Knut Magnus Olsen deltok",18.75
1238,"KNO","V","256 avstemninger siste der Knut Magnus Olsen deltok",41.80
1239,"KNO","KrF","256 avstemninger siste der Knut Magnus Olsen deltok",48.83
1240,"AOR","A","342 avstemninger siste der Anita Orlund deltok",100.00
1241,"AOR","H","342 avstemninger siste der Anita Orlund deltok",42.69
1242,"AOR","Sp","342 avstemninger siste der Anita Orlund deltok",100.00
1243,"AOR","SV","342 avstemninger siste der Anita Orlund deltok",98.25
1244,"AOR","FrP","342 avstemninger siste der Anita Orlund deltok",22.81
1245,"AOR","V","342 avstemninger siste der Anita Orlund deltok",42.11
1246,"AOR","KrF","342 avstemninger siste der Anita Orlund deltok",53.51
1247,"EVO","A","10 avstemninger siste der Eva Ottesen deltok",100.00
1248,"EVO","H","10 avstemninger siste der Eva Ottesen deltok",20.00
1249,"EVO","Sp","10 avstemninger siste der Eva Ottesen deltok",100.00
1250,"EVO","SV","10 avstemninger siste der Eva Ottesen deltok",100.00
1251,"EVO","FrP","10 avstemninger siste der Eva Ottesen deltok",0.00
1252,"EVO","V","10 avstemninger siste der Eva Ottesen deltok",20.00
1253,"EVO","KrF","10 avstemninger siste der Eva Ottesen deltok",60.00
1254,"SR","A","256 avstemninger siste der Steinar Reiten deltok",61.33
1255,"SR","H","256 avstemninger siste der Steinar Reiten deltok",64.84
1256,"SR","Sp","256 avstemninger siste der Steinar Reiten deltok",60.94
1257,"SR","SV","256 avstemninger siste der Steinar Reiten deltok",57.03
1258,"SR","FrP","256 avstemninger siste der Steinar Reiten deltok",44.14
1259,"SR","V","256 avstemninger siste der Steinar Reiten deltok",56.64
1260,"SR","KrF","256 avstemninger siste der Steinar Reiten deltok",99.22
1261,"FMS","A","73 avstemninger siste der Morten Stordalen deltok",16.44
1262,"FMS","H","73 avstemninger siste der Morten Stordalen deltok",67.12
1263,"FMS","Sp","73 avstemninger siste der Morten Stordalen deltok",16.44
1264,"FMS","SV","73 avstemninger siste der Morten Stordalen deltok",16.44
1265,"FMS","FrP","73 avstemninger siste der Morten Stordalen deltok",98.63
1266,"FMS","V","73 avstemninger siste der Morten Stordalen deltok",67.12
1267,"FMS","KrF","73 avstemninger siste der Morten Stordalen deltok",57.53
1268,"KSV","A","229 avstemninger siste der Kjell Arvid Svendsen deltok",61.14
1269,"KSV","H","229 avstemninger siste der Kjell Arvid Svendsen deltok",61.14
1270,"KSV","Sp","229 avstemninger siste der Kjell Arvid Svendsen deltok",61.14
1271,"KSV","SV","229 avstemninger siste der Kjell Arvid Svendsen deltok",61.14
1272,"KSV","FrP","229 avstemninger siste der Kjell Arvid Svendsen deltok",40.17
1273,"KSV","V","229 avstemninger siste der Kjell Arvid Svendsen deltok",58.52
1274,"KSV","KrF","229 avstemninger siste der Kjell Arvid Svendsen deltok",98.69
1275,"LVA","A","687 avstemninger siste der Lene Vågslid deltok",99.85
1276,"LVA","H","687 avstemninger siste der Lene Vågslid deltok",42.94
1277,"LVA","Sp","687 avstemninger siste der Lene Vågslid deltok",99.71
1278,"LVA","SV","687 avstemninger siste der Lene Vågslid deltok",98.54
1279,"LVA","FrP","687 avstemninger siste der Lene Vågslid deltok",19.94
1280,"LVA","V","687 avstemninger siste der Lene Vågslid deltok",41.19
1281,"LVA","KrF","687 avstemninger siste der Lene Vågslid deltok",51.97
